species,species,0
Acetobacter sp. 46_36 & CAG:267,Acetobacter sp. 46_36 & CAG:267,1.0
Acetobacter sp. CAG:977,Acetobacter sp. CAG:977,1.0
Acholeplasma sp. CAG:878,Acholeplasma sp. CAG:878,1.0
Acholeplasma sp. CAG:878,Clostridium sp. CAG:1000,0.5662209208171863
Acholeplasma sp. CAG:878,Clostridium sp. CAG:413,0.5014515982862718
Acholeplasma sp. CAG:878,Coprobacillus sp. CAG:826,0.6227981782057491
Acholeplasma sp. CAG:878,Escherichia fergusonii,0.5284199632307502
Acholeplasma sp. CAG:878,Eubacterium sp. CAG:841,0.5279505493229759
Acholeplasma sp. CAG:878,Firmicutes bacterium CAG:884,0.5627744630495273
Acholeplasma sp. CAG:878,Mycoplasma sp. CAG:956,0.6513232591316802
Acholeplasma sp. CAG:878,Roseburia sp. CAG:309,0.6546466390390958
Acholeplasma sp. CAG:878,Treponema succinifaciens,0.5052801585711983
Acholeplasma sp. CAG:878,Veillonella magna,0.5284199632307502
Acholeplasma sp. CAG:878,unclassified Catabacter,0.5052832723132651
Acidaminococcus fermentans,Acidaminococcus fermentans,1.0
Acidaminococcus intestini,Acidaminococcus intestini,1.0
Acidaminococcus massiliensis,Acidaminococcus massiliensis,1.0
Acidaminococcus sp. CAG:542,Acidaminococcus sp. CAG:542,1.0
Acidaminococcus sp. CAG:917,Acidaminococcus sp. CAG:917,1.0
Acidiphilium sp. CAG:727,Acidiphilium sp. CAG:727,1.0
Acidiphilium sp. CAG:727,Firmicutes bacterium CAG:791,0.5432062978219487
Acidiphilium sp. CAG:727,unclassified Bacillales,0.5478587939037131
Acinetobacter sp. N54.MGS-139 / Proteobacteria bacterium CAG:139,Acinetobacter sp. N54.MGS-139 / Proteobacteria bacterium CAG:139,1.0
Actinomyces oris,Actinomyces oris,1.0
Adlercreutzia equolifaciens,Adlercreutzia equolifaciens,1.0
Aeromonas caviae,Aeromonas caviae,1.0
Aeromonas caviae,Aeromonas veronii,0.5408349025111978
Aeromonas veronii,Aeromonas caviae,0.5408349025111978
Aeromonas veronii,Aeromonas veronii,1.0
Agathobaculum desmolans,Agathobaculum desmolans,1.0
Aggregatibacter segnis,Aggregatibacter segnis,1.0
Akkermansia muciniphila,Akkermansia muciniphila,1.0
Akkermansia sp. CAG:344,Akkermansia sp. CAG:344,1.0
Akkermansia sp. KLE1605,Akkermansia sp. KLE1605,1.0
Alistipes finegoldii,Alistipes finegoldii,1.0
Alistipes ihumii,Alistipes ihumii,1.0
Alistipes indistinctus,Alistipes indistinctus,1.0
Alistipes inops == Tidjanibacter massiliensis,Alistipes inops == Tidjanibacter massiliensis,1.0
Alistipes obesi,Alistipes obesi,1.0
Alistipes onderdonkii,Alistipes onderdonkii,1.0
Alistipes putredinis,Alistipes putredinis,1.0
Alistipes senegalensis,Alistipes senegalensis,1.0
Alistipes shahii,Alistipes shahii,1.0
Alistipes sp. An31A,Alistipes sp. An31A,1.0
Alistipes sp. An54 & An116,Alistipes sp. An54 & An116,1.0
Alistipes sp. CAG:268,Alistipes sp. CAG:268,1.0
Alistipes sp. CAG:435,Alistipes sp. CAG:435,1.0
Alistipes sp. CAG:435,Ruminococcus sp. CAG:382,0.5381173493252419
Alistipes sp. CAG:514,Alistipes sp. CAG:514,1.0
Alistipes sp. CAG:831,Alistipes sp. CAG:831,1.0
Alistipes sp. Marseille-P2431,Alistipes sp. Marseille-P2431,1.0
Alistipes sp. Zagget8,Alistipes sp. Zagget8,1.0
Alistipes timonensis,Alistipes timonensis,1.0
Allisonella histaminiformans,Allisonella histaminiformans,1.0
Alloprevotella tannerae,Alloprevotella tannerae,1.0
Anaerococcus obesiensis == vaginalis,Anaerococcus obesiensis == vaginalis,1.0
Anaerofilum sp. An201,Anaerofilum sp. An201,1.0
Anaerofustis stercorihominis,Anaerofustis stercorihominis,1.0
Anaeroglobus geminatus,Anaeroglobus geminatus,1.0
Anaeromassilibacillus sp. An172,Anaeromassilibacillus sp. An172,1.0
Anaeromassilibacillus sp. An250,Anaeromassilibacillus sp. An250,1.0
Anaeromassilibacillus sp. Marseille-P3371 & Clostridia bacterium UC5.1-1E11,Anaeromassilibacillus sp. Marseille-P3371 & Clostridia bacterium UC5.1-1E11,1.0
Anaerostipes caccae,Anaerostipes caccae,1.0
Anaerostipes hadrus 1,Anaerostipes hadrus 1,1.0
Anaerostipes hadrus 2,Anaerostipes hadrus 2,1.0
Anaerotignum lactatifermentans,Anaerotignum lactatifermentans,1.0
Anaerotruncus colihominis,Anaerotruncus colihominis,1.0
Anaerotruncus colihominis,Oscillibacter sp. KLE 1728 & KLE 1745 / Oscillospiraceae VE202-24,0.5104988562533361
Anaerotruncus sp. CAG:390,Anaerotruncus sp. CAG:390,1.0
Anaerotruncus sp. CAG:528,Anaerotruncus sp. CAG:528,1.0
Atopobium parvulum,Atopobium parvulum,1.0
Atopobium parvulum,Atopobium parvulum 2,0.5138376178117667
Atopobium parvulum 2,Atopobium parvulum,0.5138376178117667
Atopobium parvulum 2,Atopobium parvulum 2,1.0
Atopobium parvulum 2,Megasphaera micronuciformis,0.5827970678682752
Atopobium parvulum 2,Streptococcus infantis,0.5688893363767163
Atopobium parvulum 2,Streptococcus mitis,0.5702457895177364
Atopobium parvulum 2,Streptococcus oralis,0.5471309482359956
Atopobium parvulum 2,Streptococcus parasanguinis,0.5396067211208174
Azospirillum sp. 51_20,Azospirillum sp. 51_20,1.0
Azospirillum sp. CAG:239,Azospirillum sp. CAG:239,1.0
Bacillus sp. CAG:988,Bacillus sp. CAG:988,1.0
Bacteroidales bacterium 52_46,Bacteroidales bacterium 52_46,1.0
Bacteroidales bacterium 55_9,Bacteroidales bacterium 55_9,1.0
Bacteroidales bacterium H10,Bacteroidales bacterium H10,1.0
Bacteroidales bacterium H2 / Prevotella sp. CAG:251,Bacteroidales bacterium H2 / Prevotella sp. CAG:251,1.0
Bacteroidales bacterium H3,Bacteroidales bacterium H3,1.0
Bacteroidales bacterium H4 & Prevotella sp. CAG:873,Bacteroidales bacterium H4 & Prevotella sp. CAG:873,1.0
Bacteroidales bacterium H8 & H9 & Prevotella sp. CAG:279,Bacteroidales bacterium H8 & H9 & Prevotella sp. CAG:279,1.0
Bacteroidales bacterium M1,Bacteroidales bacterium M1,1.0
Bacteroides acidifaciens,Bacteroides acidifaciens,1.0
Bacteroides barnesiae,Bacteroides barnesiae,1.0
Bacteroides barnesiae,Candidatus Gastranaerophilales bacterium MH_37 & HUM_20 / Melainabacteria sp. 35_41,0.5279591846335007
Bacteroides caccae,Bacteroides caccae,1.0
Bacteroides cellulosilyticus,Bacteroides cellulosilyticus,1.0
Bacteroides clarus,Bacteroides clarus,1.0
Bacteroides congonensis,Bacteroides congonensis,1.0
Bacteroides coprocola,Bacteroides coprocola,1.0
Bacteroides coprophilus,Bacteroides coprophilus,1.0
Bacteroides dorei,Bacteroides dorei,1.0
Bacteroides eggerthii,Bacteroides eggerthii,1.0
Bacteroides faecichinchillae,Bacteroides faecichinchillae,1.0
Bacteroides faecis,Bacteroides faecis,1.0
Bacteroides finegoldii,Bacteroides finegoldii,1.0
Bacteroides fluxus,Bacteroides fluxus,1.0
Bacteroides fragilis 1,Bacteroides fragilis 1,1.0
Bacteroides fragilis 2,Bacteroides fragilis 2,1.0
Bacteroides intestinalis,Bacteroides intestinalis,1.0
Bacteroides massiliensis,Bacteroides massiliensis,1.0
Bacteroides nordii,Bacteroides nordii,1.0
Bacteroides oleiciplenus,Bacteroides oleiciplenus,1.0
Bacteroides ovatus,Bacteroides ovatus,1.0
Bacteroides pectinophilus,Bacteroides pectinophilus,1.0
Bacteroides plebeius,Bacteroides plebeius,1.0
Bacteroides salanitronis,Bacteroides salanitronis,1.0
Bacteroides salanitronis,Prevotella sp. CAG:1124,0.633889843853273
Bacteroides salyersiae,Bacteroides salyersiae,1.0
Bacteroides sartorii,Bacteroides sartorii,1.0
Bacteroides sp. 43_108,Bacteroides sp. 43_108,1.0
Bacteroides sp. An19 & An51A & An269 & An279 & CAG:702,Bacteroides sp. An19 & An51A & An269 & An279 & CAG:702,1.0
Bacteroides sp. CAG:1060,Bacteroides sp. CAG:1060,1.0
Bacteroides sp. CAG:1076,Bacteroides sp. CAG:1076,1.0
Bacteroides sp. CAG:144,Bacteroides sp. CAG:144,1.0
Bacteroides sp. CAG:443,Bacteroides sp. CAG:443,1.0
Bacteroides sp. CAG:462,Bacteroides sp. CAG:462,1.0
Bacteroides sp. CAG:530,Bacteroides sp. CAG:530,1.0
Bacteroides sp. CAG:530,Clostridium sp. CAG:632,0.5397767201063721
Bacteroides sp. CAG:545,Bacteroides sp. CAG:545,1.0
Bacteroides sp. CAG:709,Bacteroides sp. CAG:709,1.0
Bacteroides sp. CAG:770,Bacteroides sp. CAG:770,1.0
Bacteroides sp. CAG:770,Blastocystis sp. subtype 1,0.5025765247763057
Bacteroides sp. CAG:770,Clostridium sp. CAG:632,0.5963765865428734
Bacteroides sp. CAG:770,Firmicutes bacterium CAG:552,0.5429806446455998
Bacteroides sp. CAG:875 & sp. 2789STDY5834845,Bacteroides sp. CAG:875 & sp. 2789STDY5834845,1.0
Bacteroides sp. CAG:927,Bacteroides sp. CAG:927,1.0
Bacteroides sp. Marseille-P3108 & CAG:633,Bacteroides sp. Marseille-P3108 & CAG:633,1.0
Bacteroides sp. Marseille-P3166 & CAG:598,Bacteroides sp. Marseille-P3166 & CAG:598,1.0
Bacteroides stercorirosoris,Bacteroides stercorirosoris,1.0
Bacteroides stercoris,Bacteroides stercoris,1.0
Bacteroides thetaiotaomicron,Bacteroides thetaiotaomicron,1.0
Bacteroides uniformis,Bacteroides uniformis,1.0
Bacteroides vulgatus,Bacteroides vulgatus,1.0
Bacteroides xylanisolvens,Bacteroides xylanisolvens,1.0
Barnesiella intestinihominis,Barnesiella intestinihominis,1.0
Barnesiella sp. An22,Barnesiella sp. An22,1.0
Bifidobacterium adolescentis,Bifidobacterium adolescentis,1.0
Bifidobacterium angulatum,Bifidobacterium angulatum,1.0
Bifidobacterium animalis,Bifidobacterium animalis,1.0
Bifidobacterium bifidum,Bifidobacterium bifidum,1.0
Bifidobacterium breve,Bifidobacterium breve,1.0
Bifidobacterium catenulatum,Bifidobacterium catenulatum,1.0
Bifidobacterium dentium,Bifidobacterium dentium,1.0
Bifidobacterium gallinarum == saeculare ,Bifidobacterium gallinarum == saeculare ,1.0
Bifidobacterium longum,Bifidobacterium longum,1.0
Bifidobacterium pseudocatenulatum,Bifidobacterium pseudocatenulatum,1.0
Bifidobacterium scardovii,Bifidobacterium scardovii,1.0
Bilophila wadsworthia,Bilophila wadsworthia,1.0
Blastocystis sp. subtype 1,Bacteroides sp. CAG:770,0.5025765247763057
Blastocystis sp. subtype 1,Blastocystis sp. subtype 1,1.0
Blastocystis sp. subtype 1,Clostridium sp. CAG:1219,0.5412434890555848
Blastocystis sp. subtype 1,Clostridium sp. CAG:448,0.5422105685012047
Blastocystis sp. subtype 1,Clostridium sp. CAG:510,0.5597833752168067
Blastocystis sp. subtype 1,Clostridium sp. CAG:632,0.6658284440062079
Blastocystis sp. subtype 1,Firmicutes bacterium CAG:552,0.6631065388328087
Blastocystis sp. subtype 2,Blastocystis sp. subtype 2,1.0
Blastocystis sp. subtype 2,unclassified Bacillales,0.5136452822419099
Blastocystis sp. subtype 3,Blastocystis sp. subtype 3,1.0
Blastocystis sp. subtype 4,Blastocystis sp. subtype 4,1.0
Blastocystis sp. subtype 9,Blastocystis sp. subtype 9,1.0
Blautia hansenii,Blautia hansenii,1.0
Blautia hydrogenotrophica,Blautia hydrogenotrophica,1.0
Blautia massiliensis,Blautia massiliensis,1.0
Blautia massiliensis,Blautia sp. Marseille-P3087 / Ruminococcus sp. 2789STDY5608882,0.5115268992490715
Blautia obeum,Blautia obeum,1.0
Blautia obeum,Blautia sp. Marseille-P3087 / Ruminococcus sp. 2789STDY5608882,0.5535363710949376
Blautia obeum,Ruminococcus sp. Marseille-P328 / Blautia sp. 2789STDY5608844 & sp. 2789STDY5608844,0.5348404512725421
Blautia producta,Blautia producta,1.0
Blautia producta 2,Blautia producta 2,1.0
Blautia sp. 2789STDY5608796 & sp. 2789STDY5608848,Blautia sp. 2789STDY5608796 & sp. 2789STDY5608848,1.0
Blautia sp. 2789STDY5834862,Blautia sp. 2789STDY5834862,1.0
Blautia sp. 2789STDY5834862,Blautia sp. Marseille-P3087 / Ruminococcus sp. 2789STDY5608882,0.53940627953384
Blautia sp. 2789STDY5834862,Ruminococcus sp. JC304,0.5055944701817431
Blautia sp. CAG:237,Blautia sp. CAG:237,1.0
Blautia sp. CAG:257,Blautia sp. CAG:257,1.0
Blautia sp. CAG:52 & sp. 2789STDY5834917,Blautia sp. CAG:52 & sp. 2789STDY5834917,1.0
Blautia sp. Marseille-P3087 / Ruminococcus sp. 2789STDY5608882,Blautia massiliensis,0.5115268992490715
Blautia sp. Marseille-P3087 / Ruminococcus sp. 2789STDY5608882,Blautia obeum,0.5535363710949376
Blautia sp. Marseille-P3087 / Ruminococcus sp. 2789STDY5608882,Blautia sp. 2789STDY5834862,0.53940627953384
Blautia sp. Marseille-P3087 / Ruminococcus sp. 2789STDY5608882,Blautia sp. Marseille-P3087 / Ruminococcus sp. 2789STDY5608882,1.0
Blautia sp. Marseille-P3087 / Ruminococcus sp. 2789STDY5608882,Coprococcus catus,0.5051849885142717
Blautia sp. Marseille-P3087 / Ruminococcus sp. 2789STDY5608882,Eubacterium hallii,0.5181030970510494
Blautia sp. Marseille-P3087 / Ruminococcus sp. 2789STDY5608882,Ruminococcus sp. JC304,0.5448129559652708
Blautia wexlerae,Blautia wexlerae,1.0
Brachyspira sp. CAG:484,Brachyspira sp. CAG:484,1.0
Brachyspira sp. CAG:700,Brachyspira sp. CAG:700,1.0
Butyricicoccus pullicaecorum,Butyricicoccus pullicaecorum,1.0
Butyricicoccus sp. 2789STDY5834927 / Clostridia bacterium UC5.1-1D1,Butyricicoccus sp. 2789STDY5834927 / Clostridia bacterium UC5.1-1D1,1.0
Butyricicoccus sp. 2789STDY5834927 / Clostridia bacterium UC5.1-1D1,Oscillibacter sp. KLE 1728 & KLE 1745 / Oscillospiraceae VE202-24,0.5318076543800795
Butyricicoccus sp. N15.MGS-46 & N54.MGS-46 & K4410.MGS-46,Butyricicoccus sp. N15.MGS-46 & N54.MGS-46 & K4410.MGS-46,1.0
Butyricimonas synergistica 2,Butyricimonas synergistica 2,1.0
Butyricimonas virosa,Butyricimonas virosa,1.0
Butyrivibrio crossotus,Butyrivibrio crossotus,1.0
Butyrivibrio sp. CAG:318,Butyrivibrio sp. CAG:318,1.0
Caecibacter massiliensis,Caecibacter massiliensis,1.0
Campylobacter concisus 2,Campylobacter concisus 2,1.0
Campylobacter hominis,Campylobacter hominis,1.0
Candidatus Gastranaerophilales bacterium HUM_1 / Clostridium sp. CAG:813,Candidatus Gastranaerophilales bacterium HUM_1 / Clostridium sp. CAG:813,1.0
Candidatus Gastranaerophilales bacterium HUM_2 / Candidatus Melainabacteria bacterium MEL.A1,Candidatus Gastranaerophilales bacterium HUM_2 / Candidatus Melainabacteria bacterium MEL.A1,1.0
Candidatus Gastranaerophilales bacterium HUM_2 / Candidatus Melainabacteria bacterium MEL.A1,Escherichia fergusonii,0.5729600547829048
Candidatus Gastranaerophilales bacterium HUM_2 / Candidatus Melainabacteria bacterium MEL.A1,Firmicutes bacterium CAG:884,0.6083304699993546
Candidatus Gastranaerophilales bacterium HUM_2 / Candidatus Melainabacteria bacterium MEL.A1,Mycoplasma sp. CAG:956,0.7036957575700681
Candidatus Gastranaerophilales bacterium HUM_2 / Candidatus Melainabacteria bacterium MEL.A1,Veillonella magna,0.5729600547829048
Candidatus Gastranaerophilales bacterium HUM_21 / Heliobacterium sp. N15.MGS-306 / Clostridium sp.  UNK.MGS-6 & K4410.MGS-306 & CAG:306,Candidatus Gastranaerophilales bacterium HUM_21 / Heliobacterium sp. N15.MGS-306 / Clostridium sp.  UNK.MGS-6 & K4410.MGS-306 & CAG:306,1.0
Candidatus Gastranaerophilales bacterium HUM_6 & HUM_7 & HUM_12 & HUM_14,Candidatus Gastranaerophilales bacterium HUM_6 & HUM_7 & HUM_12 & HUM_14,1.0
Candidatus Gastranaerophilales bacterium MH_37 & HUM_20 / Melainabacteria sp. 35_41,Bacteroides barnesiae,0.5279591846335007
Candidatus Gastranaerophilales bacterium MH_37 & HUM_20 / Melainabacteria sp. 35_41,Candidatus Gastranaerophilales bacterium MH_37 & HUM_20 / Melainabacteria sp. 35_41,1.0
Candidatus Gastranaerophilales bacterium x14,Candidatus Gastranaerophilales bacterium x14,1.0
Candidatus Methanomassiliicoccus intestinalis,Candidatus Methanomassiliicoccus intestinalis,1.0
Candidatus Methanomethylophilus alvus / Methanoculleus sp. CAG:1088,Candidatus Methanomethylophilus alvus / Methanoculleus sp. CAG:1088,1.0
Catabacter hongkongensis,Catabacter hongkongensis,1.0
Catenibacterium mitsuokai,Catenibacterium mitsuokai,1.0
Catenibacterium mitsuokai,Catenibacterium sp. CAG:290,0.5442530898820288
Catenibacterium sp. CAG:290,Catenibacterium mitsuokai,0.5442530898820288
Catenibacterium sp. CAG:290,Catenibacterium sp. CAG:290,1.0
Christensenella minuta,Christensenella minuta,1.0
Christensenellaceae bacterium Phil1 & Clostridium sp. CAG:226,Christensenellaceae bacterium Phil1 & Clostridium sp. CAG:226,1.0
Christensenellaceae bacterium Phil1 & Clostridium sp. CAG:226,Firmicutes bacterium CAG:110,0.5172580747794764
Christensenellaceae bacterium Phil10,Christensenellaceae bacterium Phil10,1.0
Citrobacter freundii,Citrobacter freundii,1.0
Citrobacter koseri,Citrobacter koseri,1.0
Citrobacter werkmanii,Citrobacter werkmanii,1.0
Cloacibacillus evryensis,Cloacibacillus evryensis,1.0
Cloacibacillus porcorum,Cloacibacillus porcorum,1.0
Clostridia bacterium UC5.1-1D10 / Clostridium sp. CAG:505 / Firmicutes bacterium CAG:466,Clostridia bacterium UC5.1-1D10 / Clostridium sp. CAG:505 / Firmicutes bacterium CAG:466,1.0
Clostridia bacterium UC5.1-2E3,Clostridia bacterium UC5.1-2E3,1.0
Clostridiales bacterium 1_7_47FAA  & VE202-28,Clostridiales bacterium 1_7_47FAA  & VE202-28,1.0
Clostridiales bacterium 41_21_two_genomes,Clostridiales bacterium 41_21_two_genomes,1.0
Clostridiales bacterium S5-A14a,Clostridiales bacterium S5-A14a,1.0
Clostridiales bacterium UBA643,Clostridiales bacterium UBA643,1.0
Clostridiales bacterium UBA644,Clostridiales bacterium UBA644,1.0
Clostridioides difficile,Clostridioides difficile,1.0
Clostridium asparagiforme == lavalense,Clostridium asparagiforme == lavalense,1.0
Clostridium bolteae,Clostridium bolteae,1.0
Clostridium bolteae,Clostridium citroniae,0.5559832819652479
Clostridium bolteae,Clostridium clostridioforme 1,0.5222543512226703
Clostridium bolteae,Clostridium symbiosum,0.5073318568490847
Clostridium bolteae,Erysipelatoclostridium ramosum,0.5397219082387765
Clostridium bolteae,Flavonifractor plautii,0.6421418999008569
Clostridium bolteae,Hungatella hathewayi 2,0.5574378830578406
Clostridium butyricum,Clostridium butyricum,1.0
Clostridium celatum,Clostridium celatum,1.0
Clostridium citroniae,Clostridium bolteae,0.5559832819652479
Clostridium citroniae,Clostridium citroniae,1.0
Clostridium clostridioforme 1,Clostridium bolteae,0.5222543512226703
Clostridium clostridioforme 1,Clostridium clostridioforme 1,1.0
Clostridium clostridioforme 2,Clostridium clostridioforme 2,1.0
Clostridium disporicum,Clostridium disporicum,1.0
Clostridium glycyrrhizinilyticum,Clostridium glycyrrhizinilyticum,1.0
Clostridium hylemonae,Clostridium hylemonae,1.0
Clostridium innocuum,Clostridium innocuum,1.0
Clostridium innocuum,Eggerthella lenta,0.5482542154102407
Clostridium innocuum,Erysipelatoclostridium ramosum,0.5416574733825945
Clostridium jeddahense,Clostridium jeddahense,1.0
Clostridium leptum,Clostridium leptum,1.0
Clostridium methylpentosum,Clostridium methylpentosum,1.0
Clostridium neonatale,Clostridium neonatale,1.0
Clostridium paraputrificum,Clostridium paraputrificum,1.0
Clostridium perfringens,Clostridium perfringens,1.0
Clostridium phoceensis,Clostridium phoceensis,1.0
Clostridium phoceensis,Flavonifractor sp. 2789STDY5834895 & sp. 2789STDY5834937 /  Clostridium sp. 2789STDY5608878,0.5187116003535013
Clostridium phoceensis,Oscillibacter sp. KLE 1728 & KLE 1745 / Oscillospiraceae VE202-24,0.5753262605388773
Clostridium saccharolyticum 2,Clostridium saccharolyticum 2,1.0
Clostridium saudiense,Clostridium saudiense,1.0
Clostridium saudiense,Turicibacter sanguinis 1,0.5185462151547996
Clostridium scindens 1,Clostridium scindens 1,1.0
Clostridium scindens 2,Clostridium scindens 2,1.0
Clostridium sp. 26_22,Clostridium sp. 26_22,1.0
Clostridium sp. 2789STDY5608793,Clostridium sp. 2789STDY5608793,1.0
Clostridium sp. 2789STDY5608831,Clostridium sp. 2789STDY5608831,1.0
Clostridium sp. 2789STDY5608884,Clostridium sp. 2789STDY5608884,1.0
Clostridium sp. 2789STDY5608884,Firmicutes bacterium CAG:110,0.5423626769911534
Clostridium sp. 2789STDY5608884,Firmicutes bacterium CAG:129,0.5181811220997683
Clostridium sp. 2789STDY5608884,Firmicutes bacterium CAG:95,0.5296861956762926
Clostridium sp. 2789STDY5834874 & sp. 2789STDY5608885,Clostridium sp. 2789STDY5834874 & sp. 2789STDY5608885,1.0
Clostridium sp. 2789STDY5834920,Clostridium sp. 2789STDY5834920,1.0
Clostridium sp. 2789STDY5834924,Clostridium sp. 2789STDY5834924,1.0
Clostridium sp. 27_14,Clostridium sp. 27_14,1.0
Clostridium sp. 28_12 & CAG:356,Clostridium sp. 28_12 & CAG:356,1.0
Clostridium sp. 28_17 & CAG:470,Clostridium sp. 28_17 & CAG:470,1.0
Clostridium sp. 29_15 & CAG:265,Clostridium sp. 29_15 & CAG:265,1.0
Clostridium sp. 42_12 & CAG:75,Clostridium sp. 42_12 & CAG:75,1.0
Clostridium sp. 44_14 & CAG:277,Clostridium sp. 44_14 & CAG:277,1.0
Clostridium sp. 7_2_43FAA,Clostridium sp. 7_2_43FAA,1.0
Clostridium sp. AT4,Clostridium sp. AT4,1.0
Clostridium sp. CAG:1000,Acholeplasma sp. CAG:878,0.5662209208171863
Clostridium sp. CAG:1000,Clostridium sp. CAG:1000,1.0
Clostridium sp. CAG:1000,Clostridium sp. CAG:1024,0.6656431802114077
Clostridium sp. CAG:1000,Clostridium sp. CAG:557,0.610189890728924
Clostridium sp. CAG:1000,Clostridium sp. CAG:632,0.5287698879138925
Clostridium sp. CAG:1000,Coprobacillus sp. CAG:698,0.6661585961580042
Clostridium sp. CAG:1000,Lactobacillus agilis,0.5777877099372849
Clostridium sp. CAG:1000,Mycoplasma sp. CAG:877,0.5616099899354987
Clostridium sp. CAG:1000,Roseburia sp. CAG:309,0.8666809027017538
Clostridium sp. CAG:1000,Treponema succinifaciens,0.6709847183990038
Clostridium sp. CAG:1000,unclassified Bacteria,0.6333984501140251
Clostridium sp. CAG:1000,unclassified Catabacter,0.6709888281440584
Clostridium sp. CAG:1013,Clostridium sp. CAG:1013,1.0
Clostridium sp. CAG:1024,Clostridium sp. CAG:1000,0.6656431802114077
Clostridium sp. CAG:1024,Clostridium sp. CAG:1024,1.0
Clostridium sp. CAG:1024,Coprobacillus sp. CAG:698,0.5528215946585985
Clostridium sp. CAG:1024,Coprobacillus sp. CAG:826,0.6641073050523618
Clostridium sp. CAG:1024,Firmicutes bacterium CAG:534,0.5310538621429323
Clostridium sp. CAG:1024,Roseburia sp. CAG:309,0.5776354149750236
Clostridium sp. CAG:1024,unclassified Catabacter,0.5964912807024828
Clostridium sp. CAG:1193,Clostridium sp. CAG:1193,1.0
Clostridium sp. CAG:1193,Escherichia fergusonii,0.5292341431550869
Clostridium sp. CAG:1193,Eubacterium sp. CAG:841,0.5275434561125253
Clostridium sp. CAG:1193,Firmicutes bacterium CAG:884,0.7541994066599907
Clostridium sp. CAG:1193,Mycoplasma sp. CAG:956,0.6519895406107031
Clostridium sp. CAG:1193,Veillonella magna,0.5292341431550869
Clostridium sp. CAG:1219,Blastocystis sp. subtype 1,0.5412434890555848
Clostridium sp. CAG:1219,Clostridium sp. CAG:1219,1.0
Clostridium sp. CAG:1219,Clostridium sp. CAG:510,0.5096493236924391
Clostridium sp. CAG:1219,Clostridium sp. CAG:632,0.554666256102348
Clostridium sp. CAG:1219,Firmicutes bacterium CAG:552,0.6327243132508439
Clostridium sp. CAG:127,Clostridium sp. CAG:127,1.0
Clostridium sp. CAG:138,Clostridium sp. CAG:138,1.0
Clostridium sp. CAG:138,Firmicutes bacterium CAG:110,0.5610196070944393
Clostridium sp. CAG:138,Firmicutes bacterium CAG:124,0.5739355028732238
Clostridium sp. CAG:138,Firmicutes bacterium CAG:129,0.518238599542595
Clostridium sp. CAG:138,Firmicutes bacterium CAG:95,0.5212199070955594
Clostridium sp. CAG:138,Methanobrevibacter smithii 1,0.5166942044928529
Clostridium sp. CAG:138,unclassified Firmicutes,0.5837672228271853
Clostridium sp. CAG:167,Clostridium sp. CAG:167,1.0
Clostridium sp. CAG:169,Clostridium sp. CAG:169,1.0
Clostridium sp. CAG:217,Clostridium sp. CAG:217,1.0
Clostridium sp. CAG:221,Clostridium sp. CAG:221,1.0
Clostridium sp. CAG:230,Clostridium sp. CAG:230,1.0
Clostridium sp. CAG:245,Clostridium sp. CAG:245,1.0
Clostridium sp. CAG:253,Clostridium sp. CAG:253,1.0
Clostridium sp. CAG:269,Clostridium sp. CAG:269,1.0
Clostridium sp. CAG:273,Clostridium sp. CAG:273,1.0
Clostridium sp. CAG:288,Clostridium sp. CAG:288,1.0
Clostridium sp. CAG:299,Clostridium sp. CAG:299,1.0
Clostridium sp. CAG:302,Clostridium sp. CAG:302,1.0
Clostridium sp. CAG:307,Clostridium sp. CAG:307,1.0
Clostridium sp. CAG:343,Clostridium sp. CAG:343,1.0
Clostridium sp. CAG:349,Clostridium sp. CAG:349,1.0
Clostridium sp. CAG:349,Firmicutes bacterium CAG:272,0.5418212345997143
Clostridium sp. CAG:352 / Ruminicoccus sp. 2789STDY5834969 & sp. 2789STDY5608859,Clostridium sp. CAG:352 / Ruminicoccus sp. 2789STDY5834969 & sp. 2789STDY5608859,1.0
Clostridium sp. CAG:354_28_25,Clostridium sp. CAG:354_28_25,1.0
Clostridium sp. CAG:389,Clostridium sp. CAG:389,1.0
Clostridium sp. CAG:411,Clostridium sp. CAG:411,1.0
Clostridium sp. CAG:413,Acholeplasma sp. CAG:878,0.5014515982862718
Clostridium sp. CAG:413,Clostridium sp. CAG:413,1.0
Clostridium sp. CAG:413,Firmicutes bacterium CAG:534,0.5026409877163477
Clostridium sp. CAG:417,Clostridium sp. CAG:417,1.0
Clostridium sp. CAG:43,Clostridium sp. CAG:43,1.0
Clostridium sp. CAG:433,Clostridium sp. CAG:433,1.0
Clostridium sp. CAG:440,Clostridium sp. CAG:440,1.0
Clostridium sp. CAG:448,Blastocystis sp. subtype 1,0.5422105685012047
Clostridium sp. CAG:448,Clostridium sp. CAG:448,1.0
Clostridium sp. CAG:448,Clostridium sp. CAG:510,0.5612291904244627
Clostridium sp. CAG:448,Clostridium sp. CAG:632,0.6359310648632648
Clostridium sp. CAG:448,Firmicutes bacterium CAG:552,0.5566038144206664
Clostridium sp. CAG:448,Firmicutes bacterium CAG:791,0.5344543934691751
Clostridium sp. CAG:451,Clostridium sp. CAG:451,1.0
Clostridium sp. CAG:452,Clostridium sp. CAG:452,1.0
Clostridium sp. CAG:465,Clostridium sp. CAG:465,1.0
Clostridium sp. CAG:508,Clostridium sp. CAG:508,1.0
Clostridium sp. CAG:510,Blastocystis sp. subtype 1,0.5597833752168067
Clostridium sp. CAG:510,Clostridium sp. CAG:1219,0.5096493236924391
Clostridium sp. CAG:510,Clostridium sp. CAG:448,0.5612291904244627
Clostridium sp. CAG:510,Clostridium sp. CAG:510,1.0
Clostridium sp. CAG:510,Clostridium sp. CAG:632,0.6091899346099753
Clostridium sp. CAG:510,Firmicutes bacterium CAG:552,0.5492066766793864
Clostridium sp. CAG:510,Parabacteroides sp. SN4,0.6521324889213636
Clostridium sp. CAG:510,Ruminococcus sp. CAG:382,0.5218002943400055
Clostridium sp. CAG:510,unclassified Bacteria,0.5407378667250593
Clostridium sp. CAG:524,Clostridium sp. CAG:524,1.0
Clostridium sp. CAG:524,Clostridium sp. CAG:762,0.5157925754381526
Clostridium sp. CAG:533,Clostridium sp. CAG:533,1.0
Clostridium sp. CAG:533,Clostridium sp. CAG:557,0.5388193274090616
Clostridium sp. CAG:533,unclassified Elusimicrobium,0.5279808854676225
Clostridium sp. CAG:557,Clostridium sp. CAG:1000,0.610189890728924
Clostridium sp. CAG:557,Clostridium sp. CAG:533,0.5388193274090616
Clostridium sp. CAG:557,Clostridium sp. CAG:557,1.0
Clostridium sp. CAG:557,Clostridium sp. CAG:632,0.5435117354534879
Clostridium sp. CAG:557,Coprobacillus sp. CAG:698,0.6821602521127599
Clostridium sp. CAG:557,Firmicutes bacterium CAG:534,0.5438347745334693
Clostridium sp. CAG:557,Firmicutes bacterium CAG:552,0.542482964674517
Clostridium sp. CAG:557,Mycoplasma sp. CAG:877,0.7680827708279065
Clostridium sp. CAG:557,Roseburia sp. CAG:309,0.7051296677596047
Clostridium sp. CAG:557,Treponema succinifaciens,0.5447970341204527
Clostridium sp. CAG:557,unclassified Bacteroidetes,0.5436720470689931
Clostridium sp. CAG:557,unclassified Catabacter,0.5447936734421809
Clostridium sp. CAG:567,Clostridium sp. CAG:567,1.0
Clostridium sp. CAG:568,Clostridium sp. CAG:568,1.0
Clostridium sp. CAG:571,Clostridium sp. CAG:571,1.0
Clostridium sp. CAG:575,Clostridium sp. CAG:575,1.0
Clostridium sp. CAG:58,Clostridium sp. CAG:58,1.0
Clostridium sp. CAG:590,Clostridium sp. CAG:590,1.0
Clostridium sp. CAG:594,Clostridium sp. CAG:594,1.0
Clostridium sp. CAG:609,Clostridium sp. CAG:609,1.0
Clostridium sp. CAG:62,Clostridium sp. CAG:62,1.0
Clostridium sp. CAG:62,unclassified Firmicutes,0.510140176716849
Clostridium sp. CAG:628,Clostridium sp. CAG:628,1.0
Clostridium sp. CAG:628,Mycoplasma sp. CAG:956,0.541169287503633
Clostridium sp. CAG:632,Bacteroides sp. CAG:530,0.5397767201063721
Clostridium sp. CAG:632,Bacteroides sp. CAG:770,0.5963765865428734
Clostridium sp. CAG:632,Blastocystis sp. subtype 1,0.6658284440062079
Clostridium sp. CAG:632,Clostridium sp. CAG:1000,0.5287698879138925
Clostridium sp. CAG:632,Clostridium sp. CAG:1219,0.554666256102348
Clostridium sp. CAG:632,Clostridium sp. CAG:448,0.6359310648632648
Clostridium sp. CAG:632,Clostridium sp. CAG:510,0.6091899346099753
Clostridium sp. CAG:632,Clostridium sp. CAG:557,0.5435117354534879
Clostridium sp. CAG:632,Clostridium sp. CAG:632,1.0
Clostridium sp. CAG:632,Coprobacillus sp. CAG:698,0.529146243900126
Clostridium sp. CAG:632,Firmicutes bacterium CAG:552,0.7064706103679069
Clostridium sp. CAG:632,Parabacteroides sp. SN4,0.6052878481918283
Clostridium sp. CAG:632,Ruminococcus sp. CAG:382,0.502931819379946
Clostridium sp. CAG:632,Ruminococcus sp. CAG:724,0.5546834961485794
Clostridium sp. CAG:632,Succinatimonas sp. CAG:777,0.5715802086018817
Clostridium sp. CAG:678,Clostridium sp. CAG:678,1.0
Clostridium sp. CAG:7,Clostridium sp. CAG:7,1.0
Clostridium sp. CAG:710,Clostridium sp. CAG:710,1.0
Clostridium sp. CAG:710,Ruminococcus sp. CAG:488,0.5976201438236074
Clostridium sp. CAG:710,unclassified Bacteria,0.6629706180940028
Clostridium sp. CAG:762,Clostridium sp. CAG:524,0.5157925754381526
Clostridium sp. CAG:762,Clostridium sp. CAG:762,1.0
Clostridium sp. CAG:768,Clostridium sp. CAG:768,1.0
Clostridium sp. CAG:780,Clostridium sp. CAG:780,1.0
Clostridium sp. CAG:793,Clostridium sp. CAG:793,1.0
Clostridium sp. CAG:798,Clostridium sp. CAG:798,1.0
Clostridium sp. CAG:91 & sp. 2789STDY5834873,Clostridium sp. CAG:91 & sp. 2789STDY5834873,1.0
Clostridium sp. CAG:914,Clostridium sp. CAG:914,1.0
Clostridium sp. CAG:921,Clostridium sp. CAG:921,1.0
Clostridium sp. CAG:964,Clostridium sp. CAG:964,1.0
Clostridium sp. CAG:967,Clostridium sp. CAG:967,1.0
Clostridium sp. CAG:967,Firmicutes bacterium CAG:822,0.5160043952191402
Clostridium sp. CAG:967,Prevotella sp. CAG:924,0.5747248529537111
Clostridium sp. CL-2,Clostridium sp. CL-2,1.0
Clostridium sp. KLE 1755 & Clostridiales bacterium VE202-27,Clostridium sp. KLE 1755 & Clostridiales bacterium VE202-27,1.0
Clostridium sp. L2-50,Clostridium sp. L2-50,1.0
Clostridium sp. Marseille-P2538,Clostridium sp. Marseille-P2538,1.0
Clostridium spiroforme,Clostridium spiroforme,1.0
Clostridium symbiosum,Clostridium bolteae,0.5073318568490847
Clostridium symbiosum,Clostridium symbiosum,1.0
Clostridium symbiosum,Hungatella hathewayi 2,0.5490244583300912
Colibacter massiliensis,Colibacter massiliensis,1.0
Collinsella aerofaciens,Collinsella aerofaciens,1.0
Collinsella bouchesdurhonensis,Collinsella bouchesdurhonensis,1.0
Collinsella intestinalis,Collinsella intestinalis,1.0
Collinsella stercoris,Collinsella stercoris,1.0
Collinsella tanakaei,Collinsella tanakaei,1.0
Comamonas kerstersii,Comamonas kerstersii,1.0
Coprobacillus cateniformis,Coprobacillus cateniformis,1.0
Coprobacillus sp. 8_1_38FAA / Clostridium sp. 2789STDY5608874,Coprobacillus sp. 8_1_38FAA / Clostridium sp. 2789STDY5608874,1.0
Coprobacillus sp. CAG:605,Coprobacillus sp. CAG:605,1.0
Coprobacillus sp. CAG:698,Clostridium sp. CAG:1000,0.6661585961580042
Coprobacillus sp. CAG:698,Clostridium sp. CAG:1024,0.5528215946585985
Coprobacillus sp. CAG:698,Clostridium sp. CAG:557,0.6821602521127599
Coprobacillus sp. CAG:698,Clostridium sp. CAG:632,0.529146243900126
Coprobacillus sp. CAG:698,Coprobacillus sp. CAG:698,1.0
Coprobacillus sp. CAG:698,Firmicutes bacterium CAG:534,0.5307948794884112
Coprobacillus sp. CAG:698,Firmicutes bacterium CAG:552,0.5310712379759832
Coprobacillus sp. CAG:698,Mycoplasma sp. CAG:877,0.6273934396273947
Coprobacillus sp. CAG:698,Roseburia sp. CAG:309,0.5793955879477973
Coprobacillus sp. CAG:698,unclassified Catabacter,0.5955974558265813
Coprobacillus sp. CAG:826,Acholeplasma sp. CAG:878,0.6227981782057491
Coprobacillus sp. CAG:826,Clostridium sp. CAG:1024,0.6641073050523618
Coprobacillus sp. CAG:826,Coprobacillus sp. CAG:826,1.0
Coprobacillus sp. CAG:826,Roseburia sp. CAG:309,0.5741150690294762
Coprobacillus sp. CAG:826,unclassified Catabacter,0.593302388568305
Coprobacter fastidiosus,Coprobacter fastidiosus,1.0
Coprobacter secundus == Gabonia massiliensis,Coprobacter secundus == Gabonia massiliensis,1.0
Coprococcus catus,Blautia sp. Marseille-P3087 / Ruminococcus sp. 2789STDY5608882,0.5051849885142717
Coprococcus catus,Coprococcus catus,1.0
Coprococcus catus,Ruminococcus sp. 2789STDY5608817 / Eubacterium sp. 2789STDY5834872,0.5019106474149123
Coprococcus comes,Coprococcus comes,1.0
Coprococcus eutactus 1,Coprococcus eutactus 1,1.0
Coprococcus eutactus 2,Coprococcus eutactus 2,1.0
Coprococcus sp. 2789STDY5608819 / Clostridium sp. CAG:264,Coprococcus sp. 2789STDY5608819 / Clostridium sp. CAG:264,1.0
Coprococcus sp. CAG:782,Coprococcus sp. CAG:782,1.0
Coprococcus sp. HPP0074 & HPP0048 / Lachnospiraceae bacterium 9_1_43BFAA & 6_1_37FAA,Coprococcus sp. HPP0074 & HPP0048 / Lachnospiraceae bacterium 9_1_43BFAA & 6_1_37FAA,1.0
Coraliomargarita sp. CAG:312,Coraliomargarita sp. CAG:312,1.0
Corallococcus sp. CAG:1435,Corallococcus sp. CAG:1435,1.0
Cryptobacterium sp. CAG:338,Cryptobacterium sp. CAG:338,1.0
Culturomica massiliensis,Culturomica massiliensis,1.0
Dakarella massiliensis,Dakarella massiliensis,1.0
Desulfovibrio desulfuricans,Desulfovibrio desulfuricans,1.0
Desulfovibrio fairfieldensis,Desulfovibrio fairfieldensis,1.0
Desulfovibrio piger,Desulfovibrio piger,1.0
Desulfovibrio sp. 92-2,Desulfovibrio sp. 92-2,1.0
Desulfovibrio sp. 92-2,unclassified Desulfovibrio,0.7339747540107097
Desulfovibrio sp. Zagget14,Desulfovibrio sp. Zagget14,1.0
Dialister invisus,Dialister invisus,1.0
Dialister pneumosintes,Dialister pneumosintes,1.0
Dialister pneumosintes,Fusobacterium nucleatum subsp. animalis,0.5495409721882539
Dialister pneumosintes,Parvimonas micra,0.5079383013019938
Dialister sp. CAG:357,Dialister sp. CAG:357,1.0
Dialister sp. CAG:486,Dialister sp. CAG:486,1.0
Dialister succinatiphilus,Dialister succinatiphilus,1.0
Dielma fastidiosa,Dielma fastidiosa,1.0
Dorea formicigenerans,Dorea formicigenerans,1.0
Dorea longicatena 1,Dorea longicatena 1,1.0
Dorea longicatena 2,Dorea longicatena 2,1.0
Dorea sp. CAG:105,Dorea sp. CAG:105,1.0
Dorea sp. CAG:317,Dorea sp. CAG:317,1.0
Drancourtella sp. An12 & An57,Drancourtella sp. An12 & An57,1.0
Duodenibacillus massiliensis,Duodenibacillus massiliensis,1.0
Eggerthella lenta,Clostridium innocuum,0.5482542154102407
Eggerthella lenta,Eggerthella lenta,1.0
Eggerthella lenta,Erysipelatoclostridium ramosum,0.5755107299187259
Eggerthella lenta,Ruminococcus gnavus,0.5085048463605923
Eggerthella sp. 51_9 & CAG:209,Eggerthella sp. 51_9 & CAG:209,1.0
Eggerthella sp. CAG:1427,Eggerthella sp. CAG:1427,1.0
Eggerthella sp. CAG:298,Eggerthella sp. CAG:298,1.0
Eggerthella sp. CAG:368,Eggerthella sp. CAG:368,1.0
Eisenbergiella tayi,Eisenbergiella tayi,1.0
Emergencia timonensis,Emergencia timonensis,1.0
Enorma massiliensis,Enorma massiliensis,1.0
Enterobacter asburiae,Enterobacter asburiae,1.0
Enterobacter asburiae,Enterobacter cloacae complex 'Hoffmann cluster IV',0.7439546596763865
Enterobacter asburiae,Enterobacter kobei,0.6343253995166634
Enterobacter asburiae,Enterobacter ludwigii,0.5026546957331773
Enterobacter asburiae,Enterobacter mori,0.5618977691067495
Enterobacter cloacae,Enterobacter cloacae,1.0
Enterobacter cloacae complex 'Hoffmann cluster IV',Enterobacter asburiae,0.7439546596763865
Enterobacter cloacae complex 'Hoffmann cluster IV',Enterobacter cloacae complex 'Hoffmann cluster IV',1.0
Enterobacter cloacae complex 'Hoffmann cluster IV',Enterobacter kobei,0.711682791098185
Enterobacter cloacae complex 'Hoffmann cluster IV',Enterobacter ludwigii,0.5192350354772469
Enterobacter kobei,Enterobacter asburiae,0.6343253995166634
Enterobacter kobei,Enterobacter cloacae complex 'Hoffmann cluster IV',0.711682791098185
Enterobacter kobei,Enterobacter kobei,1.0
Enterobacter kobei,Enterobacter ludwigii,0.521188004770494
Enterobacter kobei,Enterobacter xiangfangensis,0.5084706234185429
Enterobacter ludwigii,Enterobacter asburiae,0.5026546957331773
Enterobacter ludwigii,Enterobacter cloacae complex 'Hoffmann cluster IV',0.5192350354772469
Enterobacter ludwigii,Enterobacter kobei,0.521188004770494
Enterobacter ludwigii,Enterobacter ludwigii,1.0
Enterobacter ludwigii,Enterobacter mori,0.512989822765456
Enterobacter mori,Enterobacter asburiae,0.5618977691067495
Enterobacter mori,Enterobacter ludwigii,0.512989822765456
Enterobacter mori,Enterobacter mori,1.0
Enterobacter xiangfangensis,Enterobacter kobei,0.5084706234185429
Enterobacter xiangfangensis,Enterobacter xiangfangensis,1.0
Enterococcus asini,Enterococcus asini,1.0
Enterococcus avium,Enterococcus avium,1.0
Enterococcus faecalis,Enterococcus faecalis,1.0
Enterococcus faecium,Enterococcus faecium,1.0
Enterococcus gallinarum,Enterococcus gallinarum,1.0
Erysipelatoclostridium ramosum,Clostridium bolteae,0.5397219082387765
Erysipelatoclostridium ramosum,Clostridium innocuum,0.5416574733825945
Erysipelatoclostridium ramosum,Eggerthella lenta,0.5755107299187259
Erysipelatoclostridium ramosum,Erysipelatoclostridium ramosum,1.0
Erysipelatoclostridium ramosum,Ruminococcus gnavus,0.5777670771937371
Erysipelotrichaceae bacterium 3_1_53,Erysipelotrichaceae bacterium 3_1_53,1.0
Erysipelotrichaceae bacterium 5_2_54FAA / Eubacterium sp. 3_1_31,Erysipelotrichaceae bacterium 5_2_54FAA / Eubacterium sp. 3_1_31,1.0
Escherichia coli,Escherichia coli,1.0
Escherichia fergusonii,Acholeplasma sp. CAG:878,0.5284199632307502
Escherichia fergusonii,Candidatus Gastranaerophilales bacterium HUM_2 / Candidatus Melainabacteria bacterium MEL.A1,0.5729600547829048
Escherichia fergusonii,Clostridium sp. CAG:1193,0.5292341431550869
Escherichia fergusonii,Escherichia fergusonii,1.0
Escherichia fergusonii,Firmicutes bacterium CAG:884,0.7049599825065397
Escherichia fergusonii,Mycoplasma sp. CAG:956,0.8158781015443411
Escherichia fergusonii,Veillonella magna,1.0
Eubacteriaceae bacterium CHKCI004 & Eubacterium sp. An3,Eubacteriaceae bacterium CHKCI004 & Eubacterium sp. An3,1.0
Eubacterium dolichum,Eubacterium dolichum,1.0
Eubacterium eligens,Eubacterium eligens,1.0
Eubacterium hallii,Blautia sp. Marseille-P3087 / Ruminococcus sp. 2789STDY5608882,0.5181030970510494
Eubacterium hallii,Eubacterium hallii,1.0
Eubacterium ramulus,Eubacterium ramulus,1.0
Eubacterium rectale,Eubacterium rectale,1.0
Eubacterium siraeum,Eubacterium siraeum,1.0
Eubacterium siraeum,unclassified Firmicutes,0.5247961104426027
Eubacterium sp. 2789STDY5834909,Eubacterium sp. 2789STDY5834909,1.0
Eubacterium sp. 36_13 & CAG:86,Eubacterium sp. 36_13 & CAG:86,1.0
Eubacterium sp. 38_16 & CAG:146,Eubacterium sp. 38_16 & CAG:146,1.0
Eubacterium sp. CAG:115,Eubacterium sp. CAG:115,1.0
Eubacterium sp. CAG:156,Eubacterium sp. CAG:156,1.0
Eubacterium sp. CAG:161,Eubacterium sp. CAG:161,1.0
Eubacterium sp. CAG:180,Eubacterium sp. CAG:180,1.0
Eubacterium sp. CAG:192,Eubacterium sp. CAG:192,1.0
Eubacterium sp. CAG:248,Eubacterium sp. CAG:248,1.0
Eubacterium sp. CAG:251 / Clostridium sp. A254.MGS-251,Eubacterium sp. CAG:251 / Clostridium sp. A254.MGS-251,1.0
Eubacterium sp. CAG:252,Eubacterium sp. CAG:252,1.0
Eubacterium sp. CAG:274,Eubacterium sp. CAG:274,1.0
Eubacterium sp. CAG:38,Eubacterium sp. CAG:38,1.0
Eubacterium sp. CAG:581,Eubacterium sp. CAG:581,1.0
Eubacterium sp. CAG:603 & sp.  2789STDY5608818,Eubacterium sp. CAG:603 & sp.  2789STDY5608818,1.0
Eubacterium sp. CAG:786,Eubacterium sp. CAG:786,1.0
Eubacterium sp. CAG:786,unclassified Bacillales,0.578223938816443
Eubacterium sp. CAG:841,Acholeplasma sp. CAG:878,0.5279505493229759
Eubacterium sp. CAG:841,Clostridium sp. CAG:1193,0.5275434561125253
Eubacterium sp. CAG:841,Eubacterium sp. CAG:841,1.0
Eubacterium sp. CAG:841,Firmicutes bacterium CAG:884,0.7027773434619574
Eubacterium sp. CAG:841,Mycoplasma sp. CAG:956,0.6091048695713245
Eubacterium sp. CAG:841,Ruminococcus sp. CAG:382,0.5018645105108872
Eubacterium sp. ER2,Eubacterium sp. ER2,1.0
Eubacterium ventriosum,Eubacterium ventriosum,1.0
Faecalibacterium prausnitzii 1 (A2-165),Faecalibacterium prausnitzii 1 (A2-165),1.0
Faecalibacterium prausnitzii 1 (A2-165),Faecalibacterium prausnitzii 2,0.5469148208620651
Faecalibacterium prausnitzii 2,Faecalibacterium prausnitzii 1 (A2-165),0.5469148208620651
Faecalibacterium prausnitzii 2,Faecalibacterium prausnitzii 2,1.0
Faecalibacterium prausnitzii 3 ( L2-6),Faecalibacterium prausnitzii 3 ( L2-6),1.0
Faecalibacterium prausnitzii 4 (cf. KLE1255),Faecalibacterium prausnitzii 4 (cf. KLE1255),1.0
Faecalibacterium prausnitzii 5,Faecalibacterium prausnitzii 5,1.0
Faecalibacterium prausnitzii 6,Faecalibacterium prausnitzii 6,1.0
Faecalibacterium prausnitzii 7,Faecalibacterium prausnitzii 7,1.0
Faecalibacterium sp. CAG:1138,Faecalibacterium sp. CAG:1138,1.0
Faecalibacterium sp. CAG:74,Faecalibacterium sp. CAG:74,1.0
Faecalibacterium sp. CAG:74,Firmicutes bacterium CAG:110,0.5292869813073883
Faecalibacterium sp. CAG:82,Faecalibacterium sp. CAG:82,1.0
Faecalicatena contorta,Faecalicatena contorta,1.0
Faecalicatena fissicatena,Faecalicatena fissicatena,1.0
Faecalicoccus pleomorphus,Faecalicoccus pleomorphus,1.0
Faecalitalea cylindroides,Faecalitalea cylindroides,1.0
Faecalitalea sp. UBA637,Faecalitalea sp. UBA637,1.0
Faecalitalea sp. UBA637,unclassified Faecalitalea,0.557424321456177
Fenollaria massiliensis,Fenollaria massiliensis,1.0
Firmicutes bacterium CAG:102,Firmicutes bacterium CAG:102,1.0
Firmicutes bacterium CAG:103,Firmicutes bacterium CAG:103,1.0
Firmicutes bacterium CAG:110,Christensenellaceae bacterium Phil1 & Clostridium sp. CAG:226,0.5172580747794764
Firmicutes bacterium CAG:110,Clostridium sp. 2789STDY5608884,0.5423626769911534
Firmicutes bacterium CAG:110,Clostridium sp. CAG:138,0.5610196070944393
Firmicutes bacterium CAG:110,Faecalibacterium sp. CAG:74,0.5292869813073883
Firmicutes bacterium CAG:110,Firmicutes bacterium CAG:110,1.0
Firmicutes bacterium CAG:110,Firmicutes bacterium CAG:124,0.6294543080939502
Firmicutes bacterium CAG:110,Firmicutes bacterium CAG:129,0.6504612255169337
Firmicutes bacterium CAG:110,Firmicutes bacterium CAG:170,0.5238324763896939
Firmicutes bacterium CAG:110,Firmicutes bacterium CAG:176,0.6031782421507517
Firmicutes bacterium CAG:110,Firmicutes bacterium CAG:240,0.512056692160625
Firmicutes bacterium CAG:110,Firmicutes bacterium CAG:95,0.6151670683863332
Firmicutes bacterium CAG:110,unclassified,0.5055406730852654
Firmicutes bacterium CAG:110,unclassified Firmicutes,0.600783274296485
Firmicutes bacterium CAG:114,Firmicutes bacterium CAG:114,1.0
Firmicutes bacterium CAG:124,Clostridium sp. CAG:138,0.5739355028732238
Firmicutes bacterium CAG:124,Firmicutes bacterium CAG:110,0.6294543080939502
Firmicutes bacterium CAG:124,Firmicutes bacterium CAG:124,1.0
Firmicutes bacterium CAG:124,Firmicutes bacterium CAG:129,0.5980696711096581
Firmicutes bacterium CAG:124,Firmicutes bacterium CAG:176,0.5043812002782817
Firmicutes bacterium CAG:124,Firmicutes bacterium CAG:95,0.5762165728811561
Firmicutes bacterium CAG:124,unclassified Firmicutes,0.5958866377822588
Firmicutes bacterium CAG:129,Clostridium sp. 2789STDY5608884,0.5181811220997683
Firmicutes bacterium CAG:129,Clostridium sp. CAG:138,0.518238599542595
Firmicutes bacterium CAG:129,Firmicutes bacterium CAG:110,0.6504612255169337
Firmicutes bacterium CAG:129,Firmicutes bacterium CAG:124,0.5980696711096581
Firmicutes bacterium CAG:129,Firmicutes bacterium CAG:129,1.0
Firmicutes bacterium CAG:129,Firmicutes bacterium CAG:176,0.5725844479418677
Firmicutes bacterium CAG:129,Firmicutes bacterium CAG:95,0.6151670753764894
Firmicutes bacterium CAG:129,Oscillibacter sp. 57_20,0.5097955346663257
Firmicutes bacterium CAG:129,unclassified,0.5298894516935292
Firmicutes bacterium CAG:129,unclassified Clostridiales,0.5087106658677396
Firmicutes bacterium CAG:129,unclassified Firmicutes,0.6292465307763343
Firmicutes bacterium CAG:145,Firmicutes bacterium CAG:145,1.0
Firmicutes bacterium CAG:170,Firmicutes bacterium CAG:110,0.5238324763896939
Firmicutes bacterium CAG:170,Firmicutes bacterium CAG:170,1.0
Firmicutes bacterium CAG:170,Firmicutes bacterium CAG:238,0.5100909642622105
Firmicutes bacterium CAG:170,Firmicutes bacterium CAG:272,0.5124227491989244
Firmicutes bacterium CAG:170,Firmicutes bacterium CAG:95,0.5555590495814023
Firmicutes bacterium CAG:176,Firmicutes bacterium CAG:110,0.6031782421507517
Firmicutes bacterium CAG:176,Firmicutes bacterium CAG:124,0.5043812002782817
Firmicutes bacterium CAG:176,Firmicutes bacterium CAG:129,0.5725844479418677
Firmicutes bacterium CAG:176,Firmicutes bacterium CAG:176,1.0
Firmicutes bacterium CAG:176,Firmicutes bacterium CAG:95,0.517859895185053
Firmicutes bacterium CAG:176,unclassified Firmicutes,0.5144883478085843
Firmicutes bacterium CAG:176_63_11,Firmicutes bacterium CAG:176_63_11,1.0
Firmicutes bacterium CAG:194,Firmicutes bacterium CAG:194,1.0
Firmicutes bacterium CAG:212 / Clostridium sp. 2789STDY5834871,Firmicutes bacterium CAG:212 / Clostridium sp. 2789STDY5834871,1.0
Firmicutes bacterium CAG:227,Firmicutes bacterium CAG:227,1.0
Firmicutes bacterium CAG:238,Firmicutes bacterium CAG:170,0.5100909642622105
Firmicutes bacterium CAG:238,Firmicutes bacterium CAG:238,1.0
Firmicutes bacterium CAG:238,Firmicutes bacterium CAG:240,0.5152161886280305
Firmicutes bacterium CAG:238,Firmicutes bacterium CAG:272,0.5665674615186677
Firmicutes bacterium CAG:24 / Clostridium sp. 2789STDY5834869 & 2789STDY5834922,Firmicutes bacterium CAG:24 / Clostridium sp. 2789STDY5834869 & 2789STDY5834922,1.0
Firmicutes bacterium CAG:240,Firmicutes bacterium CAG:110,0.512056692160625
Firmicutes bacterium CAG:240,Firmicutes bacterium CAG:238,0.5152161886280305
Firmicutes bacterium CAG:240,Firmicutes bacterium CAG:240,1.0
Firmicutes bacterium CAG:272,Clostridium sp. CAG:349,0.5418212345997143
Firmicutes bacterium CAG:272,Firmicutes bacterium CAG:170,0.5124227491989244
Firmicutes bacterium CAG:272,Firmicutes bacterium CAG:238,0.5665674615186677
Firmicutes bacterium CAG:272,Firmicutes bacterium CAG:272,1.0
Firmicutes bacterium CAG:272,Ruminococcus sp. CAG:382,0.5161821644588975
Firmicutes bacterium CAG:313,Firmicutes bacterium CAG:313,1.0
Firmicutes bacterium CAG:321,Firmicutes bacterium CAG:321,1.0
Firmicutes bacterium CAG:341,Firmicutes bacterium CAG:341,1.0
Firmicutes bacterium CAG:345,Firmicutes bacterium CAG:345,1.0
Firmicutes bacterium CAG:41 / Clostridium sp. 2789STDY5834935 & sp. 2789STDY5608853,Firmicutes bacterium CAG:41 / Clostridium sp. 2789STDY5834935 & sp. 2789STDY5608853,1.0
Firmicutes bacterium CAG:424,Firmicutes bacterium CAG:424,1.0
Firmicutes bacterium CAG:449,Firmicutes bacterium CAG:449,1.0
Firmicutes bacterium CAG:460,Firmicutes bacterium CAG:460,1.0
Firmicutes bacterium CAG:475,Firmicutes bacterium CAG:475,1.0
Firmicutes bacterium CAG:534,Clostridium sp. CAG:1024,0.5310538621429323
Firmicutes bacterium CAG:534,Clostridium sp. CAG:413,0.5026409877163477
Firmicutes bacterium CAG:534,Clostridium sp. CAG:557,0.5438347745334693
Firmicutes bacterium CAG:534,Coprobacillus sp. CAG:698,0.5307948794884112
Firmicutes bacterium CAG:534,Firmicutes bacterium CAG:534,1.0
Firmicutes bacterium CAG:534,Firmicutes bacterium CAG:552,0.5634220106170339
Firmicutes bacterium CAG:534,unclassified Anaerotruncus,0.5436648190078004
Firmicutes bacterium CAG:536,Firmicutes bacterium CAG:536,1.0
Firmicutes bacterium CAG:552,Bacteroides sp. CAG:770,0.5429806446455998
Firmicutes bacterium CAG:552,Blastocystis sp. subtype 1,0.6631065388328087
Firmicutes bacterium CAG:552,Clostridium sp. CAG:1219,0.6327243132508439
Firmicutes bacterium CAG:552,Clostridium sp. CAG:448,0.5566038144206664
Firmicutes bacterium CAG:552,Clostridium sp. CAG:510,0.5492066766793864
Firmicutes bacterium CAG:552,Clostridium sp. CAG:557,0.542482964674517
Firmicutes bacterium CAG:552,Clostridium sp. CAG:632,0.7064706103679069
Firmicutes bacterium CAG:552,Coprobacillus sp. CAG:698,0.5310712379759832
Firmicutes bacterium CAG:552,Firmicutes bacterium CAG:534,0.5634220106170339
Firmicutes bacterium CAG:552,Firmicutes bacterium CAG:552,1.0
Firmicutes bacterium CAG:552,Parabacteroides sp. SN4,0.5524353299134159
Firmicutes bacterium CAG:552,Ruminococcus sp. CAG:382,0.547536780028485
Firmicutes bacterium CAG:552,Ruminococcus sp. CAG:724,0.5519085982725622
Firmicutes bacterium CAG:555,Firmicutes bacterium CAG:555,1.0
Firmicutes bacterium CAG:582,Firmicutes bacterium CAG:582,1.0
Firmicutes bacterium CAG:631,Firmicutes bacterium CAG:631,1.0
Firmicutes bacterium CAG:646,Firmicutes bacterium CAG:646,1.0
Firmicutes bacterium CAG:65 / Clostridium sp. 2789STDY5608883,Firmicutes bacterium CAG:65 / Clostridium sp. 2789STDY5608883,1.0
Firmicutes bacterium CAG:791,Acidiphilium sp. CAG:727,0.5432062978219487
Firmicutes bacterium CAG:791,Clostridium sp. CAG:448,0.5344543934691751
Firmicutes bacterium CAG:791,Firmicutes bacterium CAG:791,1.0
Firmicutes bacterium CAG:791,unclassified Bacteria,0.539584905558968
Firmicutes bacterium CAG:822,Clostridium sp. CAG:967,0.5160043952191402
Firmicutes bacterium CAG:822,Firmicutes bacterium CAG:822,1.0
Firmicutes bacterium CAG:822,Olsenella sp. An188,0.502167973375507
Firmicutes bacterium CAG:83,Firmicutes bacterium CAG:83,1.0
Firmicutes bacterium CAG:882,Firmicutes bacterium CAG:882,1.0
Firmicutes bacterium CAG:884,Acholeplasma sp. CAG:878,0.5627744630495273
Firmicutes bacterium CAG:884,Candidatus Gastranaerophilales bacterium HUM_2 / Candidatus Melainabacteria bacterium MEL.A1,0.6083304699993546
Firmicutes bacterium CAG:884,Clostridium sp. CAG:1193,0.7541994066599907
Firmicutes bacterium CAG:884,Escherichia fergusonii,0.7049599825065397
Firmicutes bacterium CAG:884,Eubacterium sp. CAG:841,0.7027773434619574
Firmicutes bacterium CAG:884,Firmicutes bacterium CAG:884,1.0
Firmicutes bacterium CAG:884,Mycoplasma sp. CAG:956,0.8658041443759386
Firmicutes bacterium CAG:884,Veillonella magna,0.7049599825065397
Firmicutes bacterium CAG:94,Firmicutes bacterium CAG:94,1.0
Firmicutes bacterium CAG:94,Pseudoflavonifractor sp. An184,0.5585565711630586
Firmicutes bacterium CAG:95,Clostridium sp. 2789STDY5608884,0.5296861956762926
Firmicutes bacterium CAG:95,Clostridium sp. CAG:138,0.5212199070955594
Firmicutes bacterium CAG:95,Firmicutes bacterium CAG:110,0.6151670683863332
Firmicutes bacterium CAG:95,Firmicutes bacterium CAG:124,0.5762165728811561
Firmicutes bacterium CAG:95,Firmicutes bacterium CAG:129,0.6151670753764894
Firmicutes bacterium CAG:95,Firmicutes bacterium CAG:170,0.5555590495814023
Firmicutes bacterium CAG:95,Firmicutes bacterium CAG:176,0.517859895185053
Firmicutes bacterium CAG:95,Firmicutes bacterium CAG:95,1.0
Firmicutes bacterium CAG:95,unclassified Firmicutes,0.5348074157149035
Flavonifractor plautii,Clostridium bolteae,0.6421418999008569
Flavonifractor plautii,Flavonifractor plautii,1.0
Flavonifractor plautii,Ruminococcus gnavus,0.5207832738006526
Flavonifractor sp. 2789STDY5834895 & sp. 2789STDY5834937 /  Clostridium sp. 2789STDY5608878,Clostridium phoceensis,0.5187116003535013
Flavonifractor sp. 2789STDY5834895 & sp. 2789STDY5834937 /  Clostridium sp. 2789STDY5608878,Flavonifractor sp. 2789STDY5834895 & sp. 2789STDY5834937 /  Clostridium sp. 2789STDY5608878,1.0
Flavonifractor sp. 2789STDY5834895 & sp. 2789STDY5834937 /  Clostridium sp. 2789STDY5608878,Intestinimonas butyriciproducens,0.509660650145167
Flavonifractor sp. 2789STDY5834895 & sp. 2789STDY5834937 /  Clostridium sp. 2789STDY5608878,Oscillibacter sp. KLE 1728 & KLE 1745 / Oscillospiraceae VE202-24,0.5316550760567058
Flavonifractor sp. 2789STDY5834931,Flavonifractor sp. 2789STDY5834931,1.0
Flavonifractor sp. An10,Flavonifractor sp. An10,1.0
Fournierella massiliensis,Fournierella massiliensis,1.0
Fusicatenibacter saccharivorans,Fusicatenibacter saccharivorans,1.0
Fusicatenibacter saccharivorans,Ruminococcus sp. Marseille-P328 / Blautia sp. 2789STDY5608844 & sp. 2789STDY5608844,0.5311182230227496
Fusobacterium gonidiaformans,Fusobacterium gonidiaformans,1.0
Fusobacterium mortiferum,Fusobacterium mortiferum,1.0
Fusobacterium necrophorum,Fusobacterium necrophorum,1.0
Fusobacterium nucleatum subsp. animalis,Dialister pneumosintes,0.5495409721882539
Fusobacterium nucleatum subsp. animalis,Fusobacterium nucleatum subsp. animalis,1.0
Fusobacterium nucleatum subsp. animalis,Fusobacterium nucleatum subsp. polymorphum,0.5511343953591725
Fusobacterium nucleatum subsp. animalis,Parvimonas micra,0.5530890014981152
Fusobacterium nucleatum subsp. polymorphum,Fusobacterium nucleatum subsp. animalis,0.5511343953591725
Fusobacterium nucleatum subsp. polymorphum,Fusobacterium nucleatum subsp. polymorphum,1.0
Fusobacterium periodonticum,Fusobacterium periodonticum,1.0
Fusobacterium sp. CAG:439,Fusobacterium sp. CAG:439,1.0
Fusobacterium ulcerans,Fusobacterium ulcerans,1.0
Fusobacterium varium,Fusobacterium varium,1.0
Gemella sanguinis,Gemella sanguinis,1.0
Gemella sanguinis,Streptococcus australis,0.5677005474990335
Gemella sanguinis,Streptococcus infantis,0.628221240221352
Gemella sanguinis,Streptococcus mitis,0.6245092322707795
Gemella sanguinis,Streptococcus oralis,0.5840459470902156
Gemella sanguinis,Streptococcus sp. I-P16,0.520773584746497
Gemmiger formicilis,Gemmiger formicilis,1.0
Gordonibacter sp. An232A / Coriobacteriaceae bacterium CHKCI002,Gordonibacter sp. An232A / Coriobacteriaceae bacterium CHKCI002,1.0
Gordonibacter urolithinfaciens,Gordonibacter urolithinfaciens,1.0
Granulicatella adiacens,Granulicatella adiacens,1.0
Haemophilus parahaemolyticus,Haemophilus parahaemolyticus,1.0
Haemophilus parainfluenzae,Haemophilus parainfluenzae,1.0
Haemophilus parainfluenzae,Streptococcus infantis,0.5234270634027826
Haemophilus parainfluenzae,Veillonella atypica,0.5515410315314515
Haemophilus parainfluenzae,Veillonella dispar,0.5898004345126677
Haemophilus parainfluenzae,Veillonella sp. oral taxon 158,0.5654061759898009
Haemophilus paraphrohaemolyticus,Haemophilus paraphrohaemolyticus,1.0
Haemophilus pittmaniae,Haemophilus pittmaniae,1.0
Haemophilus sp. CCUG 66565,Haemophilus sp. CCUG 66565,1.0
Haemophilus sputorum,Haemophilus sputorum,1.0
Hafnia paralvei,Hafnia paralvei,1.0
Holdemanella biformis,Holdemanella biformis,1.0
Holdemania filiformis,Holdemania filiformis,1.0
Holdemania massiliensis,Holdemania massiliensis,1.0
Holdemania sp. Marseille-P2844,Holdemania sp. Marseille-P2844,1.0
Hungatella hathewayi 1,Hungatella hathewayi 1,1.0
Hungatella hathewayi 2,Clostridium bolteae,0.5574378830578406
Hungatella hathewayi 2,Clostridium symbiosum,0.5490244583300912
Hungatella hathewayi 2,Hungatella hathewayi 2,1.0
Intestinibacter bartlettii,Intestinibacter bartlettii,1.0
Intestinimonas butyriciproducens,Flavonifractor sp. 2789STDY5834895 & sp. 2789STDY5834937 /  Clostridium sp. 2789STDY5608878,0.509660650145167
Intestinimonas butyriciproducens,Intestinimonas butyriciproducens,1.0
Intestinimonas massiliensis,Intestinimonas massiliensis,1.0
Intestinimonas massiliensis,unclassified Clostridiales,0.5257680295099191
Klebsiella aerogenes,Klebsiella aerogenes,1.0
Klebsiella michiganensis 1,Klebsiella michiganensis 1,1.0
Klebsiella michiganensis 1,Klebsiella michiganensis 2,0.8585236969630615
Klebsiella michiganensis 2,Klebsiella michiganensis 1,0.8585236969630615
Klebsiella michiganensis 2,Klebsiella michiganensis 2,1.0
Klebsiella oxytoca,Klebsiella oxytoca,1.0
Klebsiella pneumoniae,Klebsiella pneumoniae,1.0
Klebsiella pneumoniae,Klebsiella quasipneumoniae,0.5955378675348946
Klebsiella pneumoniae,Klebsiella variicola,0.5238087311034789
Klebsiella quasipneumoniae,Klebsiella pneumoniae,0.5955378675348946
Klebsiella quasipneumoniae,Klebsiella quasipneumoniae,1.0
Klebsiella variicola,Klebsiella pneumoniae,0.5238087311034789
Klebsiella variicola,Klebsiella variicola,1.0
Kluyvera georgiana,Kluyvera georgiana,1.0
Lachnoanaerobaculum saburreum,Lachnoanaerobaculum saburreum,1.0
Lachnoclostridium phytofermentans 2,Lachnoclostridium phytofermentans 2,1.0
Lachnoclostridium sp. An118,Lachnoclostridium sp. An118,1.0
Lachnoclostridium sp. An138,Lachnoclostridium sp. An138,1.0
Lachnoclostridium sp. An14,Lachnoclostridium sp. An14,1.0
Lachnospira sp. 2789STDY5834967 / Clostridiales bacterium KLE1615 & 41_12_two_minus,Lachnospira sp. 2789STDY5834967 / Clostridiales bacterium KLE1615 & 41_12_two_minus,1.0
Lachnospiraceae bacterium 2_1_46FAA,Lachnospiraceae bacterium 2_1_46FAA,1.0
Lachnospiraceae bacterium TF01-11 / Clostridium sp. CAG:122,Lachnospiraceae bacterium TF01-11 / Clostridium sp. CAG:122,1.0
Lactobacillus acidophilus,Lactobacillus acidophilus,1.0
Lactobacillus agilis,Clostridium sp. CAG:1000,0.5777877099372849
Lactobacillus agilis,Lactobacillus agilis,1.0
Lactobacillus agilis,Roseburia sp. CAG:309,0.6671714617102008
Lactobacillus agilis,Treponema succinifaciens,0.515219604871941
Lactobacillus agilis,unclassified Catabacter,0.5167891855663395
Lactobacillus amylovorus,Lactobacillus amylovorus,1.0
Lactobacillus casei == paracasei,Lactobacillus casei == paracasei,1.0
Lactobacillus crispatus,Lactobacillus crispatus,1.0
Lactobacillus crispatus,Lactobacillus gasseri 2,0.5326033958042591
Lactobacillus delbrueckii,Lactobacillus delbrueckii,1.0
Lactobacillus fermentum,Lactobacillus fermentum,1.0
Lactobacillus gallinarum,Lactobacillus gallinarum,1.0
Lactobacillus gasseri 1,Lactobacillus gasseri 1,1.0
Lactobacillus gasseri 2,Lactobacillus crispatus,0.5326033958042591
Lactobacillus gasseri 2,Lactobacillus gasseri 2,1.0
Lactobacillus gasseri 2,Lactobacillus salivarius,0.5484852365343139
Lactobacillus johnsonii,Lactobacillus johnsonii,1.0
Lactobacillus mucosae,Lactobacillus mucosae,1.0
Lactobacillus oris,Lactobacillus oris,1.0
Lactobacillus parabuchneri,Lactobacillus parabuchneri,1.0
Lactobacillus reuteri,Lactobacillus reuteri,1.0
Lactobacillus rogosae,Lactobacillus rogosae,1.0
Lactobacillus ruminis,Lactobacillus ruminis,1.0
Lactobacillus salivarius,Lactobacillus gasseri 2,0.5484852365343139
Lactobacillus salivarius,Lactobacillus salivarius,1.0
Lactobacillus vaginalis,Lactobacillus vaginalis,1.0
Lactococcus lactis subsp. cremoris,Lactococcus lactis subsp. cremoris,1.0
Lactococcus lactis subsp. lactis,Lactococcus lactis subsp. lactis,1.0
Leuconostoc mesenteroides,Leuconostoc mesenteroides,1.0
Libanicoccus massiliensis,Libanicoccus massiliensis,1.0
Libanicoccus massiliensis,unclassified Libanicoccus,0.6664966958583143
Massiliomicrobiota sp. An80 & An105 & An134 & An142,Massiliomicrobiota sp. An80 & An105 & An134 & An142,1.0
Massiliomicrobiota timonensis,Massiliomicrobiota timonensis,1.0
Mediterranea massiliensis ,Mediterranea massiliensis ,1.0
Megamonas funiformis == rupellensis,Megamonas funiformis == rupellensis,1.0
Megasphaera elsdenii,Megasphaera elsdenii,1.0
Megasphaera massiliensis,Megasphaera massiliensis,1.0
Megasphaera massiliensis,unclassified Megasphaera,0.598381848579672
Megasphaera micronuciformis,Atopobium parvulum 2,0.5827970678682752
Megasphaera micronuciformis,Megasphaera micronuciformis,1.0
Megasphaera micronuciformis,Streptococcus infantis,0.5077099484183738
Megasphaera micronuciformis,Veillonella atypica,0.5734238383991753
Megasphaera micronuciformis,Veillonella dispar,0.5614806756465694
Megasphaera sp. ASD88 & An286,Megasphaera sp. ASD88 & An286,1.0
Megasphaera sp. BL7 & NM10,Megasphaera sp. BL7 & NM10,1.0
Merdimonas faecis,Merdimonas faecis,1.0
Methanobrevibacter smithii 1,Clostridium sp. CAG:138,0.5166942044928529
Methanobrevibacter smithii 1,Methanobrevibacter smithii 1,1.0
Methanobrevibacter smithii 2,Methanobrevibacter smithii 2,1.0
Methanosphaera stadtmanae,Methanosphaera stadtmanae,1.0
Mitsuokella jalaludinii,Mitsuokella jalaludinii,1.0
Mitsuokella jalaludinii,Mitsuokella multacida,0.570395383690381
Mitsuokella multacida,Mitsuokella jalaludinii,0.570395383690381
Mitsuokella multacida,Mitsuokella multacida,1.0
Mobilibacterium timonense,Mobilibacterium timonense,1.0
Morganella morganii,Morganella morganii,1.0
Mycoplasma sp. CAG:472,Mycoplasma sp. CAG:472,1.0
Mycoplasma sp. CAG:611,Mycoplasma sp. CAG:611,1.0
Mycoplasma sp. CAG:776,Mycoplasma sp. CAG:776,1.0
Mycoplasma sp. CAG:877,Clostridium sp. CAG:1000,0.5616099899354987
Mycoplasma sp. CAG:877,Clostridium sp. CAG:557,0.7680827708279065
Mycoplasma sp. CAG:877,Coprobacillus sp. CAG:698,0.6273934396273947
Mycoplasma sp. CAG:877,Mycoplasma sp. CAG:877,1.0
Mycoplasma sp. CAG:877,Roseburia sp. CAG:309,0.6493344490542352
Mycoplasma sp. CAG:877,Treponema succinifaciens,0.5011513365907214
Mycoplasma sp. CAG:877,unclassified Catabacter,0.501154450332788
Mycoplasma sp. CAG:956,Acholeplasma sp. CAG:878,0.6513232591316802
Mycoplasma sp. CAG:956,Candidatus Gastranaerophilales bacterium HUM_2 / Candidatus Melainabacteria bacterium MEL.A1,0.7036957575700681
Mycoplasma sp. CAG:956,Clostridium sp. CAG:1193,0.6519895406107031
Mycoplasma sp. CAG:956,Clostridium sp. CAG:628,0.541169287503633
Mycoplasma sp. CAG:956,Escherichia fergusonii,0.8158781015443411
Mycoplasma sp. CAG:956,Eubacterium sp. CAG:841,0.6091048695713245
Mycoplasma sp. CAG:956,Firmicutes bacterium CAG:884,0.8658041443759386
Mycoplasma sp. CAG:956,Mycoplasma sp. CAG:956,1.0
Mycoplasma sp. CAG:956,Veillonella magna,0.8158781015443411
Negativibacillus massiliensis,Negativibacillus massiliensis,1.0
Neglecta timonensis,Neglecta timonensis,1.0
Odoribacter laneus,Odoribacter laneus,1.0
Odoribacter splanchnicus,Odoribacter splanchnicus,1.0
Olsenella sp. An188,Firmicutes bacterium CAG:822,0.502167973375507
Olsenella sp. An188,Olsenella sp. An188,1.0
Olsenella sp. An188,Olsenella sp. Marseille-P3256,0.5332952185846213
Olsenella sp. KH3B4,Olsenella sp. KH3B4,1.0
Olsenella sp. Marseille-P2300,Olsenella sp. Marseille-P2300,1.0
Olsenella sp. Marseille-P2912,Olsenella sp. Marseille-P2912,1.0
Olsenella sp. Marseille-P3256,Olsenella sp. An188,0.5332952185846213
Olsenella sp. Marseille-P3256,Olsenella sp. Marseille-P3256,1.0
Oribacterium sinus,Oribacterium sinus,1.0
Oribacterium sinus,Streptococcus infantis,0.5621011282841881
Oribacterium sinus,Streptococcus mitis,0.5098551258830514
Oscillibacter sp. 57_20,Firmicutes bacterium CAG:129,0.5097955346663257
Oscillibacter sp. 57_20,Oscillibacter sp. 57_20,1.0
Oscillibacter sp. 57_20,Oscillibacter sp. ER4 / Firmicutes bacterium CAG:129_59_24,0.6504401557776964
Oscillibacter sp. CAG:155,Oscillibacter sp. CAG:155,1.0
Oscillibacter sp. CAG:241,Oscillibacter sp. CAG:241,1.0
Oscillibacter sp. ER4 / Firmicutes bacterium CAG:129_59_24,Oscillibacter sp. 57_20,0.6504401557776964
Oscillibacter sp. ER4 / Firmicutes bacterium CAG:129_59_24,Oscillibacter sp. ER4 / Firmicutes bacterium CAG:129_59_24,1.0
Oscillibacter sp. KLE 1728 & KLE 1745 / Oscillospiraceae VE202-24,Anaerotruncus colihominis,0.5104988562533361
Oscillibacter sp. KLE 1728 & KLE 1745 / Oscillospiraceae VE202-24,Butyricicoccus sp. 2789STDY5834927 / Clostridia bacterium UC5.1-1D1,0.5318076543800795
Oscillibacter sp. KLE 1728 & KLE 1745 / Oscillospiraceae VE202-24,Clostridium phoceensis,0.5753262605388773
Oscillibacter sp. KLE 1728 & KLE 1745 / Oscillospiraceae VE202-24,Flavonifractor sp. 2789STDY5834895 & sp. 2789STDY5834937 /  Clostridium sp. 2789STDY5608878,0.5316550760567058
Oscillibacter sp. KLE 1728 & KLE 1745 / Oscillospiraceae VE202-24,Oscillibacter sp. KLE 1728 & KLE 1745 / Oscillospiraceae VE202-24,1.0
Oxalobacter formigenes 1,Oxalobacter formigenes 1,1.0
Oxalobacter formigenes 2,Oxalobacter formigenes 2,1.0
Parabacteroides distasonis,Parabacteroides distasonis,1.0
Parabacteroides goldsteinii,Parabacteroides goldsteinii,1.0
Parabacteroides gordonii,Parabacteroides gordonii,1.0
Parabacteroides johnsonii,Parabacteroides johnsonii,1.0
Parabacteroides merdae,Parabacteroides merdae,1.0
Parabacteroides sp. CAG:409,Parabacteroides sp. CAG:409,1.0
Parabacteroides sp. SN4,Clostridium sp. CAG:510,0.6521324889213636
Parabacteroides sp. SN4,Clostridium sp. CAG:632,0.6052878481918283
Parabacteroides sp. SN4,Firmicutes bacterium CAG:552,0.5524353299134159
Parabacteroides sp. SN4,Parabacteroides sp. SN4,1.0
Paraprevotella clara,Paraprevotella clara,1.0
Paraprevotella xylaniphila,Paraprevotella xylaniphila,1.0
Parasutterella excrementihominis,Parasutterella excrementihominis,1.0
Parvimonas micra,Dialister pneumosintes,0.5079383013019938
Parvimonas micra,Fusobacterium nucleatum subsp. animalis,0.5530890014981152
Parvimonas micra,Parvimonas micra,1.0
Parvimonas micra,Peptostreptococcus stomatis,0.6489659506284159
Parvimonas micra,Solobacterium moorei,0.5483829049495189
Parvimonas sp. KA00067,Parvimonas sp. KA00067,1.0
Peptoniphilus harei,Peptoniphilus harei,1.0
Peptoniphilus lacrimalis,Peptoniphilus lacrimalis,1.0
Peptoniphilus senegalensis,Peptoniphilus senegalensis,1.0
Peptostreptococcus anaerobius,Peptostreptococcus anaerobius,1.0
Peptostreptococcus sp. MV1,Peptostreptococcus sp. MV1,1.0
Peptostreptococcus stomatis,Parvimonas micra,0.6489659506284159
Peptostreptococcus stomatis,Peptostreptococcus stomatis,1.0
Phascolarctobacterium sp. CAG:207,Phascolarctobacterium sp. CAG:207,1.0
Phascolarctobacterium sp. CAG:266,Phascolarctobacterium sp. CAG:266,1.0
Phascolarctobacterium succinatutens,Phascolarctobacterium succinatutens,1.0
Phocea massiliensis,Phocea massiliensis,1.0
Porphyromonas asaccharolytica,Porphyromonas asaccharolytica,1.0
Porphyromonas asaccharolytica,unclassified Porphyromonas,0.6760378782036144
Porphyromonas endodontalis,Porphyromonas endodontalis,1.0
Porphyromonas somerae,Porphyromonas somerae,1.0
Porphyromonas sp. HMSC065F10,Porphyromonas sp. HMSC065F10,1.0
Prevotella bivia,Prevotella bivia,1.0
Prevotella buccae,Prevotella buccae,1.0
Prevotella copri 1,Prevotella copri 1,1.0
Prevotella copri 2,Prevotella copri 2,1.0
Prevotella corporis,Prevotella corporis,1.0
Prevotella denticola,Prevotella denticola,1.0
Prevotella disiens,Prevotella disiens,1.0
Prevotella intermedia,Prevotella intermedia,1.0
Prevotella jejuni,Prevotella jejuni,1.0
Prevotella jejuni,Prevotella melaninogenica,0.5821466443023708
Prevotella jejuni,Prevotella salivae,0.6940633517085372
Prevotella melaninogenica,Prevotella jejuni,0.5821466443023708
Prevotella melaninogenica,Prevotella melaninogenica,1.0
Prevotella melaninogenica,Prevotella salivae,0.6128320483118332
Prevotella salivae,Prevotella jejuni,0.6940633517085372
Prevotella salivae,Prevotella melaninogenica,0.6128320483118332
Prevotella salivae,Prevotella salivae,1.0
Prevotella sp. 109 & CAG:255,Prevotella sp. 109 & CAG:255,1.0
Prevotella sp. 885,Prevotella sp. 885,1.0
Prevotella sp. CAG:1058,Prevotella sp. CAG:1058,1.0
Prevotella sp. CAG:1092,Prevotella sp. CAG:1092,1.0
Prevotella sp. CAG:1092,Prevotella sp. CAG:386,0.5193055922368424
Prevotella sp. CAG:1092,Prevotella sp. P4-51 & PA-67 & P5-64 & P5-108 & CAG:474,0.5188419765015944
Prevotella sp. CAG:1124,Bacteroides salanitronis,0.633889843853273
Prevotella sp. CAG:1124,Prevotella sp. CAG:1124,1.0
Prevotella sp. CAG:1185,Prevotella sp. CAG:1185,1.0
Prevotella sp. CAG:1320,Prevotella sp. CAG:1320,1.0
Prevotella sp. CAG:386,Prevotella sp. CAG:1092,0.5193055922368424
Prevotella sp. CAG:386,Prevotella sp. CAG:386,1.0
Prevotella sp. CAG:485,Prevotella sp. CAG:485,1.0
Prevotella sp. CAG:520,Prevotella sp. CAG:520,1.0
Prevotella sp. CAG:604,Prevotella sp. CAG:604,1.0
Prevotella sp. CAG:617,Prevotella sp. CAG:617,1.0
Prevotella sp. CAG:732,Prevotella sp. CAG:732,1.0
Prevotella sp. CAG:732,unclassified Bacteria,0.5409853836590566
Prevotella sp. CAG:755,Prevotella sp. CAG:755,1.0
Prevotella sp. CAG:891,Prevotella sp. CAG:891,1.0
Prevotella sp. CAG:924,Clostridium sp. CAG:967,0.5747248529537111
Prevotella sp. CAG:924,Prevotella sp. CAG:924,1.0
Prevotella sp. CAG:924,Selenomonas artemidis,0.5764743958850771
Prevotella sp. KHD1 & AG:487_50_53 & CAG:487,Prevotella sp. KHD1 & AG:487_50_53 & CAG:487,1.0
Prevotella sp. P4-51 & PA-67 & P5-64 & P5-108 & CAG:474,Prevotella sp. CAG:1092,0.5188419765015944
Prevotella sp. P4-51 & PA-67 & P5-64 & P5-108 & CAG:474,Prevotella sp. P4-51 & PA-67 & P5-64 & P5-108 & CAG:474,1.0
Prevotella sp. P4-65 & P4-76 & P5-60 & P5-119 & P5-125 & CAG:592,Prevotella sp. P4-65 & P4-76 & P5-60 & P5-119 & P5-125 & CAG:592,1.0
Prevotella sp. UBA630,Prevotella sp. UBA630,1.0
Prevotella sp. UBA641,Prevotella sp. UBA641,1.0
Prevotella stercorea,Prevotella stercorea,1.0
Prevotella timonensis,Prevotella timonensis,1.0
Prevotella veroralis,Prevotella veroralis,1.0
Prevotellamassilia timonensis,Prevotellamassilia timonensis,1.0
Proteobacteria bacterium CAG:495,Proteobacteria bacterium CAG:495,1.0
Proteus mirabilis,Proteus mirabilis,1.0
Proteus mirabilis 2,Proteus mirabilis 2,1.0
Providencia rettgeri 2,Providencia rettgeri 2,1.0
Pseudoflavonifractor capillosus,Pseudoflavonifractor capillosus,1.0
Pseudoflavonifractor sp. An184,Firmicutes bacterium CAG:94,0.5585565711630586
Pseudoflavonifractor sp. An184,Pseudoflavonifractor sp. An184,1.0
Pseudoflavonifractor sp. An184,unclassified Flavonifractor,0.5162090338964279
Pyramidobacter piscolens,Pyramidobacter piscolens,1.0
Raoultella ornithinolytica,Raoultella ornithinolytica,1.0
Rhodospirillum sp. UNK.MGS-17 / Azospirillum sp. 47_25 & CAG:260,Rhodospirillum sp. UNK.MGS-17 / Azospirillum sp. 47_25 & CAG:260,1.0
Rikenella microfusus,Rikenella microfusus,1.0
Romboutsia timonensis,Romboutsia timonensis,1.0
Roseburia faecis,Roseburia faecis,1.0
Roseburia hominis,Roseburia hominis,1.0
Roseburia intestinalis,Roseburia intestinalis,1.0
Roseburia inulinivorans,Roseburia inulinivorans,1.0
Roseburia sp. CAG:100,Roseburia sp. CAG:100,1.0
Roseburia sp. CAG:182,Roseburia sp. CAG:182,1.0
Roseburia sp. CAG:197,Roseburia sp. CAG:197,1.0
Roseburia sp. CAG:303,Roseburia sp. CAG:303,1.0
Roseburia sp. CAG:309,Acholeplasma sp. CAG:878,0.6546466390390958
Roseburia sp. CAG:309,Clostridium sp. CAG:1000,0.8666809027017538
Roseburia sp. CAG:309,Clostridium sp. CAG:1024,0.5776354149750236
Roseburia sp. CAG:309,Clostridium sp. CAG:557,0.7051296677596047
Roseburia sp. CAG:309,Coprobacillus sp. CAG:698,0.5793955879477973
Roseburia sp. CAG:309,Coprobacillus sp. CAG:826,0.5741150690294762
Roseburia sp. CAG:309,Lactobacillus agilis,0.6671714617102008
Roseburia sp. CAG:309,Mycoplasma sp. CAG:877,0.6493344490542352
Roseburia sp. CAG:309,Roseburia sp. CAG:309,1.0
Roseburia sp. CAG:309,Treponema succinifaciens,0.7749828388270767
Roseburia sp. CAG:309,unclassified Bacteria,0.5472933412872535
Roseburia sp. CAG:309,unclassified Catabacter,0.7749875807627095
Roseburia sp. CAG:380,Roseburia sp. CAG:380,1.0
Roseburia sp. CAG:45 & sp. 2789STDY5608886,Roseburia sp. CAG:45 & sp. 2789STDY5608886,1.0
Roseburia sp. CAG:471,Roseburia sp. CAG:471,1.0
Ruminococcaceae bacterium D16,Ruminococcaceae bacterium D16,1.0
Ruminococcaceae bacterium D5,Ruminococcaceae bacterium D5,1.0
Ruminococcus bicirculans,Ruminococcus bicirculans,1.0
Ruminococcus bromii 2,Ruminococcus bromii 2,1.0
Ruminococcus callidus,Ruminococcus callidus,1.0
Ruminococcus champanellensis,Ruminococcus champanellensis,1.0
Ruminococcus faecis,Ruminococcus faecis,1.0
Ruminococcus gnavus,Eggerthella lenta,0.5085048463605923
Ruminococcus gnavus,Erysipelatoclostridium ramosum,0.5777670771937371
Ruminococcus gnavus,Flavonifractor plautii,0.5207832738006526
Ruminococcus gnavus,Ruminococcus gnavus,1.0
Ruminococcus lactaris,Ruminococcus lactaris,1.0
Ruminococcus sp. 2789STDY5608794 & sp. 2789STDY5834890 / Firmicutes bacterium CAG:56,Ruminococcus sp. 2789STDY5608794 & sp. 2789STDY5834890 / Firmicutes bacterium CAG:56,1.0
Ruminococcus sp. 2789STDY5608817 / Eubacterium sp. 2789STDY5834872,Coprococcus catus,0.5019106474149123
Ruminococcus sp. 2789STDY5608817 / Eubacterium sp. 2789STDY5834872,Ruminococcus sp. 2789STDY5608817 / Eubacterium sp. 2789STDY5834872,1.0
Ruminococcus sp. 37_24 & sp. 2789STDY5834934,Ruminococcus sp. 37_24 & sp. 2789STDY5834934,1.0
Ruminococcus sp. A254.MGS-254 & CAG:254,Ruminococcus sp. A254.MGS-254 & CAG:254,1.0
Ruminococcus sp. CAG:17 & Blautia sp. 2789STDY5608880,Ruminococcus sp. CAG:17 & Blautia sp. 2789STDY5608880,1.0
Ruminococcus sp. CAG:177,Ruminococcus sp. CAG:177,1.0
Ruminococcus sp. CAG:330,Ruminococcus sp. CAG:330,1.0
Ruminococcus sp. CAG:353 & sp. 2789STDY5834938,Ruminococcus sp. CAG:353 & sp. 2789STDY5834938,1.0
Ruminococcus sp. CAG:382,Alistipes sp. CAG:435,0.5381173493252419
Ruminococcus sp. CAG:382,Clostridium sp. CAG:510,0.5218002943400055
Ruminococcus sp. CAG:382,Clostridium sp. CAG:632,0.502931819379946
Ruminococcus sp. CAG:382,Eubacterium sp. CAG:841,0.5018645105108872
Ruminococcus sp. CAG:382,Firmicutes bacterium CAG:272,0.5161821644588975
Ruminococcus sp. CAG:382,Firmicutes bacterium CAG:552,0.547536780028485
Ruminococcus sp. CAG:382,Ruminococcus sp. CAG:382,1.0
Ruminococcus sp. CAG:403,Ruminococcus sp. CAG:403,1.0
Ruminococcus sp. CAG:488,Clostridium sp. CAG:710,0.5976201438236074
Ruminococcus sp. CAG:488,Ruminococcus sp. CAG:488,1.0
Ruminococcus sp. CAG:563,Ruminococcus sp. CAG:563,1.0
Ruminococcus sp. CAG:563,unclassified Mitsuokella,0.5764743958850771
Ruminococcus sp. CAG:579,Ruminococcus sp. CAG:579,1.0
Ruminococcus sp. CAG:60 / Blautia sp. 2789STDY5608836,Ruminococcus sp. CAG:60 / Blautia sp. 2789STDY5608836,1.0
Ruminococcus sp. CAG:624,Ruminococcus sp. CAG:624,1.0
Ruminococcus sp. CAG:724,Clostridium sp. CAG:632,0.5546834961485794
Ruminococcus sp. CAG:724,Firmicutes bacterium CAG:552,0.5519085982725622
Ruminococcus sp. CAG:724,Ruminococcus sp. CAG:724,1.0
Ruminococcus sp. JC304,Blautia sp. 2789STDY5834862,0.5055944701817431
Ruminococcus sp. JC304,Blautia sp. Marseille-P3087 / Ruminococcus sp. 2789STDY5608882,0.5448129559652708
Ruminococcus sp. JC304,Ruminococcus sp. JC304,1.0
Ruminococcus sp. Marseille-P328 / Blautia sp. 2789STDY5608844 & sp. 2789STDY5608844,Blautia obeum,0.5348404512725421
Ruminococcus sp. Marseille-P328 / Blautia sp. 2789STDY5608844 & sp. 2789STDY5608844,Fusicatenibacter saccharivorans,0.5311182230227496
Ruminococcus sp. Marseille-P328 / Blautia sp. 2789STDY5608844 & sp. 2789STDY5608844,Ruminococcus sp. Marseille-P328 / Blautia sp. 2789STDY5608844 & sp. 2789STDY5608844,1.0
Ruminococcus sp. UNK.MGS-30,Ruminococcus sp. UNK.MGS-30,1.0
Ruminococcus torques,Ruminococcus torques,1.0
Ruthenibacterium lactatiformans,Ruthenibacterium lactatiformans,1.0
Sanguibacteroides justesenii == Gabonibacter massiliensis,Sanguibacteroides justesenii == Gabonibacter massiliensis,1.0
Selenomonas artemidis,Prevotella sp. CAG:924,0.5764743958850771
Selenomonas artemidis,Selenomonas artemidis,1.0
Selenomonas bovis,Selenomonas bovis,1.0
Sellimonas intestinalis == Drancourtella massiliensis,Sellimonas intestinalis == Drancourtella massiliensis,1.0
Senegalimassilia anaerobia,Senegalimassilia anaerobia,1.0
Slackia exigua,Slackia exigua,1.0
Slackia piriformis,Slackia piriformis,1.0
Solobacterium moorei,Parvimonas micra,0.5483829049495189
Solobacterium moorei,Solobacterium moorei,1.0
Streptococcus anginosus,Streptococcus anginosus,1.0
Streptococcus australis,Gemella sanguinis,0.5677005474990335
Streptococcus australis,Streptococcus australis,1.0
Streptococcus australis,Streptococcus infantis,0.5608347409395315
Streptococcus australis,Streptococcus mitis,0.52915067413497
Streptococcus australis,Streptococcus oralis,0.5131218650560361
Streptococcus australis,Streptococcus sanguinis,0.5479427104075051
Streptococcus australis,Streptococcus sp. I-P16,0.7688199865532516
Streptococcus australis,Veillonella sp. oral taxon 158,0.5009936427737274
Streptococcus gordonii,Streptococcus gordonii,1.0
Streptococcus gordonii,Streptococcus infantis,0.5225051096988994
Streptococcus gordonii,Streptococcus mitis,0.5220532297273376
Streptococcus gordonii,Streptococcus oralis,0.5920607072372943
Streptococcus gordonii,Streptococcus parasanguinis,0.5605917563314285
Streptococcus gordonii,Streptococcus salivarius,0.5620714943403824
Streptococcus gordonii,Streptococcus sanguinis,0.5152907116358764
Streptococcus gordonii,Streptococcus vestibularis,0.5745837753260808
Streptococcus infantarius,Streptococcus infantarius,1.0
Streptococcus infantis,Atopobium parvulum 2,0.5688893363767163
Streptococcus infantis,Gemella sanguinis,0.628221240221352
Streptococcus infantis,Haemophilus parainfluenzae,0.5234270634027826
Streptococcus infantis,Megasphaera micronuciformis,0.5077099484183738
Streptococcus infantis,Oribacterium sinus,0.5621011282841881
Streptococcus infantis,Streptococcus australis,0.5608347409395315
Streptococcus infantis,Streptococcus gordonii,0.5225051096988994
Streptococcus infantis,Streptococcus infantis,1.0
Streptococcus infantis,Streptococcus mitis,0.7680137120555188
Streptococcus infantis,Streptococcus oralis,0.7352345805615825
Streptococcus infantis,Streptococcus parasanguinis,0.6186050606387226
Streptococcus infantis,Streptococcus salivarius,0.5115059955058995
Streptococcus infantis,Streptococcus sanguinis,0.5106803394947225
Streptococcus infantis,Streptococcus sp. I-P16,0.5556633967854534
Streptococcus infantis,Veillonella dispar,0.5272999121625733
Streptococcus lutetiensis,Streptococcus lutetiensis,1.0
Streptococcus mitis,Atopobium parvulum 2,0.5702457895177364
Streptococcus mitis,Gemella sanguinis,0.6245092322707795
Streptococcus mitis,Oribacterium sinus,0.5098551258830514
Streptococcus mitis,Streptococcus australis,0.52915067413497
Streptococcus mitis,Streptococcus gordonii,0.5220532297273376
Streptococcus mitis,Streptococcus infantis,0.7680137120555188
Streptococcus mitis,Streptococcus mitis,1.0
Streptococcus mitis,Streptococcus oralis,0.824859746303562
Streptococcus mitis,Streptococcus parasanguinis,0.5811882564117526
Streptococcus mitis,Streptococcus sanguinis,0.5075700332343696
Streptococcus mutans,Streptococcus mutans,1.0
Streptococcus oralis,Atopobium parvulum 2,0.5471309482359956
Streptococcus oralis,Gemella sanguinis,0.5840459470902156
Streptococcus oralis,Streptococcus australis,0.5131218650560361
Streptococcus oralis,Streptococcus gordonii,0.5920607072372943
Streptococcus oralis,Streptococcus infantis,0.7352345805615825
Streptococcus oralis,Streptococcus mitis,0.824859746303562
Streptococcus oralis,Streptococcus oralis,1.0
Streptococcus oralis,Streptococcus parasanguinis,0.6420552053313695
Streptococcus oralis,Streptococcus salivarius,0.5483978071940914
Streptococcus oralis,Streptococcus sanguinis,0.5488144914124771
Streptococcus oralis,Streptococcus vestibularis,0.5416098731877552
Streptococcus parasanguinis,Atopobium parvulum 2,0.5396067211208174
Streptococcus parasanguinis,Streptococcus gordonii,0.5605917563314285
Streptococcus parasanguinis,Streptococcus infantis,0.6186050606387226
Streptococcus parasanguinis,Streptococcus mitis,0.5811882564117526
Streptococcus parasanguinis,Streptococcus oralis,0.6420552053313695
Streptococcus parasanguinis,Streptococcus parasanguinis,1.0
Streptococcus parasanguinis,Streptococcus salivarius,0.7570215022669688
Streptococcus parasanguinis,Streptococcus vestibularis,0.6662174711921457
Streptococcus parasanguinis,Veillonella atypica,0.5985615587421924
Streptococcus parasanguinis,Veillonella dispar,0.644462863088904
Streptococcus pasteurianus,Streptococcus pasteurianus,1.0
Streptococcus salivarius,Streptococcus gordonii,0.5620714943403824
Streptococcus salivarius,Streptococcus infantis,0.5115059955058995
Streptococcus salivarius,Streptococcus oralis,0.5483978071940914
Streptococcus salivarius,Streptococcus parasanguinis,0.7570215022669688
Streptococcus salivarius,Streptococcus salivarius,1.0
Streptococcus salivarius,Streptococcus vestibularis,0.7585803268361296
Streptococcus salivarius,Veillonella atypica,0.5013260226346333
Streptococcus salivarius,Veillonella dispar,0.5042399429393571
Streptococcus salivarius 2,Streptococcus salivarius 2,1.0
Streptococcus sanguinis,Streptococcus australis,0.5479427104075051
Streptococcus sanguinis,Streptococcus gordonii,0.5152907116358764
Streptococcus sanguinis,Streptococcus infantis,0.5106803394947225
Streptococcus sanguinis,Streptococcus mitis,0.5075700332343696
Streptococcus sanguinis,Streptococcus oralis,0.5488144914124771
Streptococcus sanguinis,Streptococcus sanguinis,1.0
Streptococcus sanguinis,Streptococcus sp. I-P16,0.5161424545804095
Streptococcus sp. I-P16,Gemella sanguinis,0.520773584746497
Streptococcus sp. I-P16,Streptococcus australis,0.7688199865532516
Streptococcus sp. I-P16,Streptococcus infantis,0.5556633967854534
Streptococcus sp. I-P16,Streptococcus sanguinis,0.5161424545804095
Streptococcus sp. I-P16,Streptococcus sp. I-P16,1.0
Streptococcus sp. I-P16,Veillonella sp. oral taxon 158,0.5240975727697935
Streptococcus sp. UBA632,Streptococcus sp. UBA632,1.0
Streptococcus thermophilus,Streptococcus thermophilus,1.0
Streptococcus vestibularis,Streptococcus gordonii,0.5745837753260808
Streptococcus vestibularis,Streptococcus oralis,0.5416098731877552
Streptococcus vestibularis,Streptococcus parasanguinis,0.6662174711921457
Streptococcus vestibularis,Streptococcus salivarius,0.7585803268361296
Streptococcus vestibularis,Streptococcus vestibularis,1.0
Subdoligranulum sp. CAG:314,Subdoligranulum sp. CAG:314,1.0
Succinatimonas hippei,Succinatimonas hippei,1.0
Succinatimonas sp. CAG:777,Clostridium sp. CAG:632,0.5715802086018817
Succinatimonas sp. CAG:777,Succinatimonas sp. CAG:777,1.0
Sutterella parvirubra,Sutterella parvirubra,1.0
Sutterella sp. CAG:521,Sutterella sp. CAG:521,1.0
Sutterella wadsworthensis 1,Sutterella wadsworthensis 1,1.0
Sutterella wadsworthensis 2,Sutterella wadsworthensis 2,1.0
Tissierellia bacterium S7-1-4,Tissierellia bacterium S7-1-4,1.0
Treponema succinifaciens,Acholeplasma sp. CAG:878,0.5052801585711983
Treponema succinifaciens,Clostridium sp. CAG:1000,0.6709847183990038
Treponema succinifaciens,Clostridium sp. CAG:557,0.5447970341204527
Treponema succinifaciens,Lactobacillus agilis,0.515219604871941
Treponema succinifaciens,Mycoplasma sp. CAG:877,0.5011513365907214
Treponema succinifaciens,Roseburia sp. CAG:309,0.7749828388270767
Treponema succinifaciens,Treponema succinifaciens,1.0
Treponema succinifaciens,unclassified Bacillales,0.5152148629363084
Treponema succinifaciens,unclassified Catabacter,0.599383825889429
Turicibacter sanguinis 1,Clostridium saudiense,0.5185462151547996
Turicibacter sanguinis 1,Turicibacter sanguinis 1,1.0
Turicibacter sanguinis 2,Turicibacter sanguinis 2,1.0
Turicimonas muris,Turicimonas muris,1.0
Tyzzerella nexilis,Tyzzerella nexilis,1.0
Veillonella atypica,Haemophilus parainfluenzae,0.5515410315314515
Veillonella atypica,Megasphaera micronuciformis,0.5734238383991753
Veillonella atypica,Streptococcus parasanguinis,0.5985615587421924
Veillonella atypica,Streptococcus salivarius,0.5013260226346333
Veillonella atypica,Veillonella atypica,1.0
Veillonella atypica,Veillonella dispar,0.7932483686364065
Veillonella atypica,Veillonella parvula,0.5786827648303116
Veillonella dispar,Haemophilus parainfluenzae,0.5898004345126677
Veillonella dispar,Megasphaera micronuciformis,0.5614806756465694
Veillonella dispar,Streptococcus infantis,0.5272999121625733
Veillonella dispar,Streptococcus parasanguinis,0.644462863088904
Veillonella dispar,Streptococcus salivarius,0.5042399429393571
Veillonella dispar,Veillonella atypica,0.7932483686364065
Veillonella dispar,Veillonella dispar,1.0
Veillonella dispar,Veillonella parvula,0.6808089649224598
Veillonella dispar,Veillonella sp. oral taxon 158,0.5503145660283261
Veillonella magna,Acholeplasma sp. CAG:878,0.5284199632307502
Veillonella magna,Candidatus Gastranaerophilales bacterium HUM_2 / Candidatus Melainabacteria bacterium MEL.A1,0.5729600547829048
Veillonella magna,Clostridium sp. CAG:1193,0.5292341431550869
Veillonella magna,Escherichia fergusonii,1.0
Veillonella magna,Firmicutes bacterium CAG:884,0.7049599825065397
Veillonella magna,Mycoplasma sp. CAG:956,0.8158781015443411
Veillonella magna,Veillonella magna,1.0
Veillonella parvula,Veillonella atypica,0.5786827648303116
Veillonella parvula,Veillonella dispar,0.6808089649224598
Veillonella parvula,Veillonella parvula,1.0
Veillonella sp. CAG:933,Veillonella sp. CAG:933,1.0
Veillonella sp. oral taxon 158,Haemophilus parainfluenzae,0.5654061759898009
Veillonella sp. oral taxon 158,Streptococcus australis,0.5009936427737274
Veillonella sp. oral taxon 158,Streptococcus sp. I-P16,0.5240975727697935
Veillonella sp. oral taxon 158,Veillonella dispar,0.5503145660283261
Veillonella sp. oral taxon 158,Veillonella sp. oral taxon 158,1.0
Veillonella tobetsuensis,Veillonella tobetsuensis,1.0
Verrucomicrobia bacterium CAG:312_58_20,Verrucomicrobia bacterium CAG:312_58_20,1.0
Weissella cibaria,Weissella cibaria,1.0
Weissella confusa,Weissella confusa,1.0
[Clostridium] hiranonis,[Clostridium] hiranonis,1.0
[Staphylococcus] sp. CAG:324,[Staphylococcus] sp. CAG:324,1.0
bacterium LF-3 / Coprobacillus sp. CAG:235,bacterium LF-3 / Coprobacillus sp. CAG:235,1.0
bacterium OL-1,bacterium OL-1,1.0
butyrate-producing bacterium SS3/4 - Clostridium sp. CAG:81,butyrate-producing bacterium SS3/4 - Clostridium sp. CAG:81,1.0
unclassified,Firmicutes bacterium CAG:110,0.5055406730852654
unclassified,Firmicutes bacterium CAG:129,0.5298894516935292
unclassified,unclassified,1.0
unclassified,unclassified Clostridiales,0.5945462532812295
unclassified,unclassified Firmicutes,0.6748185135821942
unclassified,unclassified Oscillibacter,0.5013714112424601
unclassified Acidaminococcaceae,unclassified Acidaminococcaceae,1.0
unclassified Acidaminococcus,unclassified Acidaminococcus,1.0
unclassified Acidiphilium,unclassified Acidiphilium,1.0
unclassified Actinobacteria,unclassified Actinobacteria,1.0
unclassified Aeromonadales,unclassified Aeromonadales,1.0
unclassified Akkermansia,unclassified Akkermansia,1.0
unclassified Alistipes,unclassified Alistipes,1.0
unclassified Alphaproteobacteria,unclassified Alphaproteobacteria,1.0
unclassified Anaeromassilibacillus,unclassified Anaeromassilibacillus,1.0
unclassified Anaerostipes,unclassified Anaerostipes,1.0
unclassified Anaerotruncus,Firmicutes bacterium CAG:534,0.5436648190078004
unclassified Anaerotruncus,unclassified Anaerotruncus,1.0
unclassified Bacillales,Acidiphilium sp. CAG:727,0.5478587939037131
unclassified Bacillales,Blastocystis sp. subtype 2,0.5136452822419099
unclassified Bacillales,Eubacterium sp. CAG:786,0.578223938816443
unclassified Bacillales,Treponema succinifaciens,0.5152148629363084
unclassified Bacillales,unclassified Bacillales,1.0
unclassified Bacillales,unclassified Bacteroidetes,0.5152172339041247
unclassified Bacilli,unclassified Bacilli,1.0
unclassified Bacteria,Clostridium sp. CAG:1000,0.6333984501140251
unclassified Bacteria,Clostridium sp. CAG:510,0.5407378667250593
unclassified Bacteria,Clostridium sp. CAG:710,0.6629706180940028
unclassified Bacteria,Firmicutes bacterium CAG:791,0.539584905558968
unclassified Bacteria,Prevotella sp. CAG:732,0.5409853836590566
unclassified Bacteria,Roseburia sp. CAG:309,0.5472933412872535
unclassified Bacteria,unclassified Bacteria,1.0
unclassified Bacteroidaceae,unclassified Bacteroidaceae,1.0
unclassified Bacteroidales,unclassified Bacteroidales,1.0
unclassified Bacteroides,unclassified Bacteroides,1.0
unclassified Bacteroidetes,Clostridium sp. CAG:557,0.5436720470689931
unclassified Bacteroidetes,unclassified Bacillales,0.5152172339041247
unclassified Bacteroidetes,unclassified Bacteroidetes,1.0
unclassified Bilophila,unclassified Bilophila,1.0
unclassified Blautia,unclassified Blautia,1.0
unclassified Brachyspira,unclassified Brachyspira,1.0
unclassified Burkholderiales,unclassified Burkholderiales,1.0
unclassified Butyricicoccus,unclassified Butyricicoccus,1.0
unclassified Butyricimonas,unclassified Butyricimonas,1.0
unclassified Caecibacter,unclassified Caecibacter,1.0
unclassified Candidatus Gastranaerophilales,unclassified Candidatus Gastranaerophilales,1.0
unclassified Catabacter,Acholeplasma sp. CAG:878,0.5052832723132651
unclassified Catabacter,Clostridium sp. CAG:1000,0.6709888281440584
unclassified Catabacter,Clostridium sp. CAG:1024,0.5964912807024828
unclassified Catabacter,Clostridium sp. CAG:557,0.5447936734421809
unclassified Catabacter,Coprobacillus sp. CAG:698,0.5955974558265813
unclassified Catabacter,Coprobacillus sp. CAG:826,0.593302388568305
unclassified Catabacter,Lactobacillus agilis,0.5167891855663395
unclassified Catabacter,Mycoplasma sp. CAG:877,0.501154450332788
unclassified Catabacter,Roseburia sp. CAG:309,0.7749875807627095
unclassified Catabacter,Treponema succinifaciens,0.599383825889429
unclassified Catabacter,unclassified Catabacter,1.0
unclassified Cloacibacillus,unclassified Cloacibacillus,1.0
unclassified Clostridia,unclassified Clostridia,1.0
unclassified Clostridiaceae,unclassified Clostridiaceae,1.0
unclassified Clostridiales,Firmicutes bacterium CAG:129,0.5087106658677396
unclassified Clostridiales,Intestinimonas massiliensis,0.5257680295099191
unclassified Clostridiales,unclassified,0.5945462532812295
unclassified Clostridiales,unclassified Clostridiales,1.0
unclassified Clostridiales,unclassified Firmicutes,0.7169347812773351
unclassified Clostridiales,unclassified Oscillibacter,0.5465299607519518
unclassified Clostridiales Family XIII. Incertae Sedis,unclassified Clostridiales Family XIII. Incertae Sedis,1.0
unclassified Clostridioides,unclassified Clostridioides,1.0
unclassified Clostridium,unclassified Clostridium,1.0
unclassified Collinsella,unclassified Collinsella,1.0
unclassified Coprobacillus,unclassified Coprobacillus,1.0
unclassified Coprobacter,unclassified Coprobacter,1.0
unclassified Coprococcus,unclassified Coprococcus,1.0
unclassified Coriobacteriia,unclassified Coriobacteriia,1.0
unclassified Dakarella,unclassified Dakarella,1.0
unclassified Desulfovibrio,Desulfovibrio sp. 92-2,0.7339747540107097
unclassified Desulfovibrio,unclassified Desulfovibrio,1.0
unclassified Desulfovibrionales,unclassified Desulfovibrionales,1.0
unclassified Dialister,unclassified Dialister,1.0
unclassified Dorea,unclassified Dorea,1.0
unclassified Eggerthella,unclassified Eggerthella,1.0
unclassified Eggerthellaceae,unclassified Eggerthellaceae,1.0
unclassified Eisenbergiella,unclassified Eisenbergiella,1.0
unclassified Elusimicrobium,Clostridium sp. CAG:533,0.5279808854676225
unclassified Elusimicrobium,unclassified Elusimicrobium,1.0
unclassified Erysipelatoclostridium,unclassified Erysipelatoclostridium,1.0
unclassified Erysipelotrichaceae,unclassified Erysipelotrichaceae,1.0
unclassified Eubacterium,unclassified Eubacterium,1.0
unclassified Euryarchaeota,unclassified Euryarchaeota,1.0
unclassified Faecalibacterium,unclassified Faecalibacterium,1.0
unclassified Faecalitalea,Faecalitalea sp. UBA637,0.557424321456177
unclassified Faecalitalea,unclassified Faecalitalea,1.0
unclassified Firmicutes,Clostridium sp. CAG:138,0.5837672228271853
unclassified Firmicutes,Clostridium sp. CAG:62,0.510140176716849
unclassified Firmicutes,Eubacterium siraeum,0.5247961104426027
unclassified Firmicutes,Firmicutes bacterium CAG:110,0.600783274296485
unclassified Firmicutes,Firmicutes bacterium CAG:124,0.5958866377822588
unclassified Firmicutes,Firmicutes bacterium CAG:129,0.6292465307763343
unclassified Firmicutes,Firmicutes bacterium CAG:176,0.5144883478085843
unclassified Firmicutes,Firmicutes bacterium CAG:95,0.5348074157149035
unclassified Firmicutes,unclassified,0.6748185135821942
unclassified Firmicutes,unclassified Clostridiales,0.7169347812773351
unclassified Firmicutes,unclassified Firmicutes,1.0
unclassified Firmicutes,unclassified Oscillibacter,0.6238126622338745
unclassified Firmicutes,unclassified Ruminococcaceae,0.5108286068301872
unclassified Flavonifractor,Pseudoflavonifractor sp. An184,0.5162090338964279
unclassified Flavonifractor,unclassified Flavonifractor,1.0
unclassified Fusobacterium,unclassified Fusobacterium,1.0
unclassified Gammaproteobacteria,unclassified Gammaproteobacteria,1.0
unclassified Gemmiger,unclassified Gemmiger,1.0
unclassified Gordonibacter,unclassified Gordonibacter,1.0
unclassified Holdemanella,unclassified Holdemanella,1.0
unclassified Intestinibacter,unclassified Intestinibacter,1.0
unclassified Intestinimonas,unclassified Intestinimonas,1.0
unclassified Lachnoclostridium,unclassified Lachnoclostridium,1.0
unclassified Lachnospiraceae,unclassified Lachnospiraceae,1.0
unclassified Lactobacillus,unclassified Lactobacillus,1.0
unclassified Leptotrichia,unclassified Leptotrichia,1.0
unclassified Libanicoccus,Libanicoccus massiliensis,0.6664966958583143
unclassified Libanicoccus,unclassified Libanicoccus,1.0
unclassified Mailhella,unclassified Mailhella,1.0
unclassified Marvinbryantia,unclassified Marvinbryantia,1.0
unclassified Megasphaera,Megasphaera massiliensis,0.598381848579672
unclassified Megasphaera,unclassified Megasphaera,1.0
unclassified Mitsuokella,Ruminococcus sp. CAG:563,0.5764743958850771
unclassified Mitsuokella,unclassified Mitsuokella,1.0
unclassified Muribaculaceae,unclassified Muribaculaceae,1.0
unclassified Mycoplasma,unclassified Mycoplasma,1.0
unclassified Negativicutes,unclassified Negativicutes,1.0
unclassified Niameybacter,unclassified Niameybacter,1.0
unclassified Odoribacteraceae,unclassified Odoribacteraceae,1.0
unclassified Olsenella,unclassified Olsenella,1.0
unclassified Oscillibacter,unclassified,0.5013714112424601
unclassified Oscillibacter,unclassified Clostridiales,0.5465299607519518
unclassified Oscillibacter,unclassified Firmicutes,0.6238126622338745
unclassified Oscillibacter,unclassified Oscillibacter,1.0
unclassified Oscillospiraceae,unclassified Oscillospiraceae,1.0
unclassified Parabacteroides,unclassified Parabacteroides,1.0
unclassified Paraprevotella,unclassified Paraprevotella,1.0
unclassified Phascolarctobacterium,unclassified Phascolarctobacterium,1.0
unclassified Porphyromonas,Porphyromonas asaccharolytica,0.6760378782036144
unclassified Porphyromonas,unclassified Porphyromonas,1.0
unclassified Prevotella,unclassified Prevotella,1.0
unclassified Prevotellaceae,unclassified Prevotellaceae,1.0
unclassified Proteobacteria,unclassified Proteobacteria,1.0
unclassified Pseudoflavonifractor,unclassified Pseudoflavonifractor,1.0
unclassified Rhodospirillales,unclassified Rhodospirillales,1.0
unclassified Roseburia,unclassified Roseburia,1.0
unclassified Ruminiclostridium,unclassified Ruminiclostridium,1.0
unclassified Ruminococcaceae,unclassified Firmicutes,0.5108286068301872
unclassified Ruminococcaceae,unclassified Ruminococcaceae,1.0
unclassified Ruminococcus,unclassified Ruminococcus,1.0
unclassified Selenomonadaceae,unclassified Selenomonadaceae,1.0
unclassified Selenomonas,unclassified Selenomonas,1.0
unclassified Succinatimonas,unclassified Succinatimonas,1.0
unclassified Sutterella,unclassified Sutterella,1.0
unclassified Sutterellaceae,unclassified Sutterellaceae,1.0
unclassified Veillonella,unclassified Veillonella,1.0
unclassified Verrucomicrobia,unclassified Verrucomicrobia,1.0
